USE [inventoryfactorv3]
GO
/****** Object:  Table [dbo].[CabecerasComponentes]    Script Date: 9/12/2019 12:05:49 ******/
SET ANSI_NULLS ON
GO
SET QUOTED_IDENTIFIER ON
GO
CREATE TABLE [dbo].[CabecerasComponentes](
	[cabecera_componente_id] [int] IDENTITY(1,1) NOT NULL,
	[componente_id] [int] NULL,
	[movimiento_id] [int] NULL,
	[cantidad] [int] NULL,
	[sub_total] [float] NULL,
	[nro_ruc] [varchar](50) NULL,
 CONSTRAINT [PK_CabecerasComponentes] PRIMARY KEY CLUSTERED 
(
	[cabecera_componente_id] ASC
)WITH (PAD_INDEX = OFF, STATISTICS_NORECOMPUTE = OFF, IGNORE_DUP_KEY = OFF, ALLOW_ROW_LOCKS = ON, ALLOW_PAGE_LOCKS = ON) ON [PRIMARY]
) ON [PRIMARY]
GO
/****** Object:  Table [dbo].[CategoriaComponente]    Script Date: 9/12/2019 12:05:49 ******/
SET ANSI_NULLS ON
GO
SET QUOTED_IDENTIFIER ON
GO
CREATE TABLE [dbo].[CategoriaComponente](
	[categoria_componente_id] [int] IDENTITY(1,1) NOT NULL,
	[categoria] [varchar](50) NULL,
 CONSTRAINT [PK_CategoriaComponente] PRIMARY KEY CLUSTERED 
(
	[categoria_componente_id] ASC
)WITH (PAD_INDEX = OFF, STATISTICS_NORECOMPUTE = OFF, IGNORE_DUP_KEY = OFF, ALLOW_ROW_LOCKS = ON, ALLOW_PAGE_LOCKS = ON) ON [PRIMARY]
) ON [PRIMARY]
GO
/****** Object:  Table [dbo].[Componentes]    Script Date: 9/12/2019 12:05:49 ******/
SET ANSI_NULLS ON
GO
SET QUOTED_IDENTIFIER ON
GO
CREATE TABLE [dbo].[Componentes](
	[componente_id] [int] IDENTITY(1,1) NOT NULL,
	[tipo_componente_id] [int] NULL,
	[categoria_componente_id] [int] NULL,
	[nombre] [varchar](50) NULL,
	[descripcion] [text] NULL,
	[precio] [float] NULL,
	[imagen] [image] NULL,
	[stock] [int] NULL,
 CONSTRAINT [PK_Componentes] PRIMARY KEY CLUSTERED 
(
	[componente_id] ASC
)WITH (PAD_INDEX = OFF, STATISTICS_NORECOMPUTE = OFF, IGNORE_DUP_KEY = OFF, ALLOW_ROW_LOCKS = ON, ALLOW_PAGE_LOCKS = ON) ON [PRIMARY]
) ON [PRIMARY] TEXTIMAGE_ON [PRIMARY]
GO
/****** Object:  Table [dbo].[Movimientos]    Script Date: 9/12/2019 12:05:49 ******/
SET ANSI_NULLS ON
GO
SET QUOTED_IDENTIFIER ON
GO
CREATE TABLE [dbo].[Movimientos](
	[movimiento_id] [int] IDENTITY(1,1) NOT NULL,
	[usuario_id] [int] NULL,
	[tipo_movimiento_id] [int] NULL,
	[fecha] [date] NULL,
	[precio_total] [float] NULL,
	[cantidad_total] [int] NULL,
 CONSTRAINT [PK_Movimientos] PRIMARY KEY CLUSTERED 
(
	[movimiento_id] ASC
)WITH (PAD_INDEX = OFF, STATISTICS_NORECOMPUTE = OFF, IGNORE_DUP_KEY = OFF, ALLOW_ROW_LOCKS = ON, ALLOW_PAGE_LOCKS = ON) ON [PRIMARY]
) ON [PRIMARY]
GO
/****** Object:  Table [dbo].[Personas]    Script Date: 9/12/2019 12:05:49 ******/
SET ANSI_NULLS ON
GO
SET QUOTED_IDENTIFIER ON
GO
CREATE TABLE [dbo].[Personas](
	[persona_id] [int] IDENTITY(1,1) NOT NULL,
	[nombre] [varchar](50) NULL,
	[apellidos] [varchar](50) NULL,
	[DNI] [varchar](10) NULL,
	[correo] [varchar](100) NULL,
	[celular] [varchar](10) NULL,
	[direccion] [varchar](100) NULL,
 CONSTRAINT [PK_Personas] PRIMARY KEY CLUSTERED 
(
	[persona_id] ASC
)WITH (PAD_INDEX = OFF, STATISTICS_NORECOMPUTE = OFF, IGNORE_DUP_KEY = OFF, ALLOW_ROW_LOCKS = ON, ALLOW_PAGE_LOCKS = ON) ON [PRIMARY]
) ON [PRIMARY]
GO
/****** Object:  Table [dbo].[TipoComponente]    Script Date: 9/12/2019 12:05:49 ******/
SET ANSI_NULLS ON
GO
SET QUOTED_IDENTIFIER ON
GO
CREATE TABLE [dbo].[TipoComponente](
	[tipo_componente_id] [int] IDENTITY(1,1) NOT NULL,
	[tipo] [varchar](50) NULL,
 CONSTRAINT [PK_TipoComponente] PRIMARY KEY CLUSTERED 
(
	[tipo_componente_id] ASC
)WITH (PAD_INDEX = OFF, STATISTICS_NORECOMPUTE = OFF, IGNORE_DUP_KEY = OFF, ALLOW_ROW_LOCKS = ON, ALLOW_PAGE_LOCKS = ON) ON [PRIMARY]
) ON [PRIMARY]
GO
/****** Object:  Table [dbo].[TiposMovimientos]    Script Date: 9/12/2019 12:05:49 ******/
SET ANSI_NULLS ON
GO
SET QUOTED_IDENTIFIER ON
GO
CREATE TABLE [dbo].[TiposMovimientos](
	[tipo_movimiento_id] [int] IDENTITY(1,1) NOT NULL,
	[tipo] [varchar](50) NULL,
 CONSTRAINT [PK_TiposMovimientos] PRIMARY KEY CLUSTERED 
(
	[tipo_movimiento_id] ASC
)WITH (PAD_INDEX = OFF, STATISTICS_NORECOMPUTE = OFF, IGNORE_DUP_KEY = OFF, ALLOW_ROW_LOCKS = ON, ALLOW_PAGE_LOCKS = ON) ON [PRIMARY]
) ON [PRIMARY]
GO
/****** Object:  Table [dbo].[TiposUsuarios]    Script Date: 9/12/2019 12:05:49 ******/
SET ANSI_NULLS ON
GO
SET QUOTED_IDENTIFIER ON
GO
CREATE TABLE [dbo].[TiposUsuarios](
	[tipo_usuario_id] [int] IDENTITY(1,1) NOT NULL,
	[tipo] [varchar](50) NULL,
 CONSTRAINT [PK_TiposUsuarios] PRIMARY KEY CLUSTERED 
(
	[tipo_usuario_id] ASC
)WITH (PAD_INDEX = OFF, STATISTICS_NORECOMPUTE = OFF, IGNORE_DUP_KEY = OFF, ALLOW_ROW_LOCKS = ON, ALLOW_PAGE_LOCKS = ON) ON [PRIMARY]
) ON [PRIMARY]
GO
/****** Object:  Table [dbo].[Usuarios]    Script Date: 9/12/2019 12:05:49 ******/
SET ANSI_NULLS ON
GO
SET QUOTED_IDENTIFIER ON
GO
CREATE TABLE [dbo].[Usuarios](
	[usuario_id] [int] IDENTITY(1,1) NOT NULL,
	[tipo_usuario_id] [int] NULL,
	[persona_id] [int] NULL,
	[username] [varchar](50) NULL,
	[password] [varchar](50) NULL,
 CONSTRAINT [PK_Usuarios] PRIMARY KEY CLUSTERED 
(
	[usuario_id] ASC
)WITH (PAD_INDEX = OFF, STATISTICS_NORECOMPUTE = OFF, IGNORE_DUP_KEY = OFF, ALLOW_ROW_LOCKS = ON, ALLOW_PAGE_LOCKS = ON) ON [PRIMARY]
) ON [PRIMARY]
GO
SET IDENTITY_INSERT [dbo].[CabecerasComponentes] ON 

INSERT [dbo].[CabecerasComponentes] ([cabecera_componente_id], [componente_id], [movimiento_id], [cantidad], [sub_total], [nro_ruc]) VALUES (1, 1, 1, 10, 2025, NULL)
INSERT [dbo].[CabecerasComponentes] ([cabecera_componente_id], [componente_id], [movimiento_id], [cantidad], [sub_total], [nro_ruc]) VALUES (2, 3, 2, 10, 9500, NULL)
INSERT [dbo].[CabecerasComponentes] ([cabecera_componente_id], [componente_id], [movimiento_id], [cantidad], [sub_total], [nro_ruc]) VALUES (3, 1, 3, 20, 4050, N'1457878787')
INSERT [dbo].[CabecerasComponentes] ([cabecera_componente_id], [componente_id], [movimiento_id], [cantidad], [sub_total], [nro_ruc]) VALUES (4, 3, 4, 10, 9500, N'4845874512')
INSERT [dbo].[CabecerasComponentes] ([cabecera_componente_id], [componente_id], [movimiento_id], [cantidad], [sub_total], [nro_ruc]) VALUES (5, 3, 5, 5, 4750, N'4845874512')
INSERT [dbo].[CabecerasComponentes] ([cabecera_componente_id], [componente_id], [movimiento_id], [cantidad], [sub_total], [nro_ruc]) VALUES (6, 3, 6, 20, 19000, NULL)
SET IDENTITY_INSERT [dbo].[CabecerasComponentes] OFF
SET IDENTITY_INSERT [dbo].[CategoriaComponente] ON 

INSERT [dbo].[CategoriaComponente] ([categoria_componente_id], [categoria]) VALUES (1, N'Gamer')
INSERT [dbo].[CategoriaComponente] ([categoria_componente_id], [categoria]) VALUES (2, N'Empresarial')
SET IDENTITY_INSERT [dbo].[CategoriaComponente] OFF
SET IDENTITY_INSERT [dbo].[Componentes] ON 

INSERT [dbo].[Componentes] ([componente_id], [tipo_componente_id], [categoria_componente_id], [nombre], [descripcion], [precio], [imagen], [stock]) VALUES (1, 1, 1, N'Mouse', N'Mouse Logitech G203 Souris Gaming 8000dpi (910-004842) Usb', 202.5, 0x524946460A0900005745425056503820FE080000103A009D012A4001F0003E6D3498492422A2A422531938800D89696EE171E11EE84F97F084BD75C031C6BD003CB0BD98BF657F59BD9BB54EFADDDC0FF81E5D64927DCEFDFFB02ED876CADDEDF61E647D73F33FE364FACFFC1F606FE63FD93D653FC0F2B5F57703DFDC0F460140A003A0516DD9FD7E9AE3AD721695466DA8A438F92E97227921F2B935460B3C8CDB514AA331387FE7362FFFD19D96CA50FE676B22E8DDC2A384DD0C50851978DB514A6FF4864FFCA3D6AD5B3DA21386EBA8EFF325536A4A1F6AA201D0409777FE91284A9E8CAC35168C1313F96B6C1100E00855100E813FC8F10B877FCE3C79FB02EA4D73B805DB298F69982F7969B55100E8205B7FA3580E915B6ECA1CA2ADF83F5CB58A200172B809F63A410AA201CE9B1D00CA2E279BDBCA8EA161F3BDD9A74E33C8D02BB65FA0E4E43815A6B3A800E821542808DF3CFA096C5CFC271F036DEF1F9509B188D83306858DB514AA2F4802983207DB3186A71489D47410AA201BB7F0BE59A294E2CBBF015C325D042A87CB51D6E261A2AB42120A7D711AE42D2A8CD9B7FDFADBD522455389E355A657ABC5A6871C11D75CC97410AA200902093BD5B5C59274A414652DCBF01FFBC4012DE588CA24BA0855100E812047B08E4907EAA7BAB1F25FCC10F6AA1F0000FEFF5257C8DAA709F50F2BD02A363E2C8A2D65FCB7CF3DCE768320D07EAE895EE7EB3AE91653674F232EDD7B7FEB087838651D02E900F16176FD8A75FDED0FAA23FD5642FF14C72DC34FA0F40EBDFC306E4F22F10AB854CBEA125AE492D208B67E685B502F86523C986461A0082AF77570AB3CCB25B8BD57305E5FB0814DD78CE7DD5C3F43E43DC226C0FB09EB991AF29FDD247676A5912F79AFF9D23CB9FEDB61631A8B9322EDEC7A05F668FBB0A6FD85A5455DFDBF1120792F9081EFB9FD06E5B0677B402F781A233BC0E4F7CB01EEC219BE9EF223111D1D20E965E55A290FC5C27AD4F03B0AC6E2E643FC0DE3EC8621D53EF039875ECDD60C64BA9F365557E75345011220381C97DDE8A1B42A5BB941620A1E6D5466BB447A1B1D2C2197CCCE0CDCDE7186F86E011628F7BE75EC6ECAFBF58DCE0181E193E9DAB74B08FB05EC3A9803213BEB31228A2C3144CDAC5AE6B5DEB50A8B61F564BBC2CC8A59E33644D402A6D30095837BBEB1004609C666389524D9A179B0A8585EA7A9B03B6FE311EDD3D1303A559E9513FAD01B0834B14384AE1D07746F7A3737B6917CCFC169D7DC1657B04B20E4E1F3AD4DF9A2622DE98E75BC5896D1238C50683726966E8D7F1FD0440A0E4B9554E18E0A6BF2B21E863C4508C982F7561D764E277D4C84A661B6F9CEB5D035F292DCDFE8485E6179D4433B76A8663F88296B4B9F02EA8621980674D9DCBE06AEE327DD05AA9F89E87B76363F84AAAB00A569435A7C4316C169F807D4D311DD089425014A64381125495885C625CF6B2FA91BEAF92FA56A10E283E15024081A1DBEF4282C4970B4B1DCE1A5B973D1753BB2C87F054A2EA7348645D10929324EFA2A694F772195FD182F816ED5082B767C845AFEE00C79E6F8943996767DA8012D5AF0316491415ECB5BC345966538B51ED8226EC7ADE8F5D284279886A141E527896F35F14BC2F7AED602350E3AFF30D9E550D8A97B47BD35B04AE051BB4063AAEC8BFB1DFF1296BC135B02F5DED4F58A71B427F5CAE51456DA925FEB4FCE3237DDCC3585C3DFB9E28446C7779CB92DB6B459F83CD99AD8C9CD93CBCB03BAEB1BCA25C103C1A5366CE4AD452A84B3B8719F57BE4F1E16975393AF7689F35C3C83149A9B2F03D68230C724FD1A1B7E8176797B7A765744BCCEB78C2FBC0A151A0F98A7220A230EFD6A0FEACA4B020BE9F435FCF54A8CD20DF88F46336528FBE847966C4CDBE8B9D889C5D21762F2467B3091FB913E38B2E460FCF9569FD1F9F9994188630AA0844BBD0FFFCAC4BC2AB4FD6D32C9C8E53DB1BFCEB3B049CA532E8B2053FF61FB7CBD63A10CF4CC098E1EDAC2D766539C4EA5D28979B315AD81F2A08BA407E312C74A4A44CACD08C5979233F2611A6594E3547E77618FA07AEFDD922A54CAE08C54363EFD4637E2A41DFFF770299FDDA9E45BC26FE021A09E781BBE601C37DBCFB935A6226128CD4BC164BF4AF500BF97E8CFF9CF7D6F5A517E7D8BDE4518F2F192CDC1CE90C5A941DF99D1B3D0EA33A75F901477099548077C40A8EFE562721365BAE3F9D718983D59E479DF39719426C557A5A84C34CACC4BFC5AE0A3E58E32ABE5909581B8B0C28850C6748BA3EDA94E9FC4B79921BCC7C449BB68D889397E1B5FC6A48A42BF1DD82586E513E1CDDCDB228B43D4ABAB126B136D84B549A376BA369C461DFF32E2017B245858577AA3607DB4B2EE45110767B6BEBD79E4464D883FAA51DC6B7A413B2FF49FC8875B89C8D30F7A6C3BB47D733E78026344824AAD94ECF0B717C0DEBC476A177461C3E633233DE9B573258C0D14A5D2ED05E446C95BDDDAA5B8208B16A7C2D269F6F4986F411E4C6BBB5BF23887EBEE992BE215300184ACFA3B2166157B28A4519C56D36D367DAD852FDFBF750B6C883C009DAB202CCF08D07D465675FE2B82F75736EF77721475BBA4699DBFAB5F78872FB1C2B512EC87334C2CE4F1FFC1E462186718BCFBF6CCD529D553BFEADC81FCD32E790E6BF0FDE1BD5B09816E5FF41905213C274449214DA27459AF50D5FDE8E17CDBD666BBE5F3FBE32464C7B7DE82F79A3BA9F6B168DFFFD6FF5717160092006DF671F071E764412AA81EBF06DDA29A8DED239D50C3F4595974B0683E7BFB389983BDFE93DABB5E622E7A08279317B2296B4C9BB002D39D4B0E36AAC79CC7BA83B44457C11643051C29569ACA7B5464CD031DC35433592BAB3BED3E5AF60A5524203F081C1F15CE48F9607F053DDA348A704521FF6E8471EEBFE14483CEBE2D9BFF886B8AF8335BC4B28B7CB15FAB5893EA852EF2B51146F06E139AC1BEBD7B1B92513D05C7FCD79BC9F1A98DFBF61B5E323F885D08224798B6D69EB6BA4EE9C2352046551C4429CCAF55B14C1413CBCF6F17CE9E8E34A6AF0DBD8E70EFE7B1EC7007D9C7229239CF75C68CBDD537C6878233DE9E0795CCB535C56E66F244D8C3A8418A059C1C37F6FB2B2F139EE27DE30E73295E437AAE13FCCFA7EDCB3A9A487DE8475FCD2DB679B798B63091C847AEAE43A73EEE2AA777F33FFB1BF5DAFFD447D9722D4CDC36F223EC8E8ACEDE793AC25AF884AB000000, 10)
INSERT [dbo].[Componentes] ([componente_id], [tipo_componente_id], [categoria_componente_id], [nombre], [descripcion], [precio], [imagen], [stock]) VALUES (3, 2, 2, N'Monitor', N'Monitor Pantalla Tactil Touch 15 Pulgadas Cbx 1501 Nuevo', 950, 0xFFD8FFE000104A46494600010100000100010000FFDB0084000906070909090609090609060A06090A08060608071B08150716201D2222201D1F1F2428342C242631271F13213121252A2B2E2E2E171F3338332C37282D2E2B010A0A0A0E0D0D0F0F0F0F2B1915192B2B322D2D352B2B2E372B2B2B372B2B2B2B2B372B2D2D2D2B372B372B372B37372D2D2D372B372B2B372B372D2D2B2B372DFFC0001108016901D203012200021101031101FFC4001C0000010501010100000000000000000000000203040506010708FFC40062100001030202050509080C090A050305000200010311120421051322314106324251610714233352566271811617729194A1D1E1152443829295A2B1B2C1D2F03653737493A5B3E2F1083435546364758384C226444665F237D4E32555B4C4D3FFC400190101010101010100000000000000000000000102030405FFC4002D110002020104010401030305000000000000010211210312314151041352613222428123637114436291B1FFDA000C03010002110311003F00F7142108010A874BF2C34068C9DF0B8FE5060F018811132C34B2E62DDBD5ED513DF17927E7668FFE9901A942CB7BE2F24FCECD1FFD323DF13929E76E8FFE9D01A942CB7BE27253CEDD1FFD3AEFBE27253CEED1FF0028406A10B2FEF87C94F3B347FCA11EF87C95F3B347FCA101A842CBFBE1F257CECD1FF2847BE17257CECD1FF28406A10B31EF85C95F3B347FCA11EF83C96F3B347FCA101A742CC7BE0F25BCECD1FF002847BE0F25BCECD1FF00284069D0B33EEFF92DE7668EF94B23DDFF0025BCECD1DF296406990B33EEFF0092DE7668EF94B2EFBBFE4B79D9A37E56C80D2A166BDDFF0025BCECD1BF2B647BBFE4BF9D9A37E56C80D2A166FDDF725FCECD1BF2B647BBEE4BF9D9A37E56C80D22166FDDF725FCECD1BF2B647BBEE4BF9D9A37E56C80D22166FDDF725FCECD1BF2B647BBEE4BF9D9A37E56C80D22166FDDEF25FCEBD1BF2B647BBDE4BF9D7A37E56C80D22166FDDEF263CEAD1BF2B647BBDE4BF9D7A37E56C80D22166FDDEF25FCEBD1BF2B647BBDE4BF9D7A37E56C80D22166FDDEF25FCEBD1BF2B647BBDE4BF9D7A37E56C80D22166FDDF725FCECD1BF2B65CF77FC97F3B346FCAD901A542CD7BBFE4B79D9A37E56CB9EEFB92DE7668DF94B2034C8599F77FC96F3B3477CA591EEFF0092DE75E8FF00942034C8598F7C0E4B79D9A3FE508F7C1E4B79D9A3FE5080D3A1663DF0792DE7668FF9423DF0B92BE7668FF942034E8598F7C2E4AF9D9A3FE50B9EF85C95F3B347FCA101A842CBFBE1F257CECD1FF2847BE1F257CECD1FF28406A10B2FEF87C95F3B347FCA173DF13929E7668FF94203528596F7C4E4A79D9A3FE508F7C4E49F9D9A3FFA6406A50B2DEF8BC93F3B347FF4CAC342F2A3436979258B46E9BC2E929610D64B0C12DCE0D5DF4EA405CA1084008421002108407CD7CBED1F063FBA1E92C2E2188A29F56E7AB2B5F2899F7FAD93BEE1B43D7C5627E529FE548DFDD37163E57FFE0B56F00B6F25E8D3DBB72B271D4BBC33203C83D0CFF72C4FCAFEA4F3773FD0CFBA1C513FF39FA96AA382F7B436958E1B08FCDBAD75A6E2BF6994A4FB3171F73BD06F6DD1E26A5D1EFBFA94C8FB9A7278B7C18CAFF3D7FA16C5F014612BAE7F2854AC2615D98A9B56F94B936BC1B49F930A5DCCF93CD7781C67CB5FE84D7BDBF27AB4D4E2FE5BF52F419E1E16A81244ECF46D97556D7D076BB312FDCE793EDF72C5FCADFE8492EE75A019ABAAC5FCAD6D9E26DDE31D34F15337FC15A4A3E0CBDDE4C449DCFF004136E8715F2BFA9327C82D0ACD94589AFF003BFA96E2589B77E4A89246E3EBE8AED1517FB4E32735FB8C6BF21F43365AAC4FCABEA4EE1B907A1247A147891FFABFA969F5557DA1458D51A090BAEAE106AB6E4E4A734EF760A17EE75A0B877CED7347BEBEA498FB9FE81BED921C50D7FDE9FE85A3A3BEFD97F293802EEE2EFBFCA59F6E35946FDD95E199EF7BAE4FFF00158BF95A3DEEB93F5CE2C5D3F9DAD500D12C185FD6B93825D1D54E4FB32AFDCEB93ACD5D5633E5BF52EB7739E4F3FDC317F2E5A936777A327A381DED2E0B93DABA3A2B7D9917EE75C9C6C9E1C67C2EFD7FA11EF73C9D7B5C60C653C9EFDFA96BA5167CEDB5C53142F447C948A8BE83725D9978FB9D7271C885E0C67CB7EA4D623B9DF27C5ED08F14CFD2FB69DFF52D6C042CE4E49995D8888987D1115D1415F061CDD72659FB9EF27D9B28F164FF00CED37EE0340D4BC1E2E83FEF7F52D430D189FA5E926A30762909F6AE5A508E7061CE58C9986E41E8277CA2C5D3F9DFD4B8FC83D06DF72C4FCAD69E8F526648376662A6F5B508FC49BE5F232BEE1F425499E3C4FA3F6DFD49A93917A19B74589F947D4B4C7966FB49937ADCEDD1E68AE8B4A3F1393D59FC8CE1723B43B65AAC4D7F9C7D4971F223441F4313BB2FB63EA56E6EF5AF140149C3EF56DE846B114656B4EF32290B919A218AD609FE177C2E07233443BD1C713F28FA968805D9AA7B4E5CE2493376C847EF567DB8FC11BF725F233E5C8CD10CF90CFF0028FA971B91BA21F3B67A7F38FA95CBDC4F5E6FA2971B313D08725AF6A35F8A1EE4BE4550722B435B578B125D5F6C21B915A19DF38B122DFCEFEA5746D5711122114B8C4473725CFDA8FC4D7B92F914CFC8AD00D6ECE26A5FEF7F5268F915A19AEB4313F28FA95F1B356B7645CD4837A6F45A51F8997AB2F919FF00719A277593FCA3EA449C8BD142E3B13D0BFDE3EA57CC6F5A274188886BFBB2D3D38AE6088B564F891431F23B4230EDC189BB7FF9D3FD0925C92D07C20C48F93F6DBFD0B5DDEB1C824EFB4E5CE248C268E8D889E4F08DD112FD6B97F4B2DC4EBFD5C548C81F23F443B0DB16205FA5F6C7D49A7E4868C6FB9CFF0028FA96EA7D1F16E8E3D5DDD214C3E0181AE22BBD115632D1F8871D5F918CF71FA33F8B9FE50B8FC91D19FC5CFF0028FA96AA78181AAC391260D9997550D37C411C9CE6B9919BF727A33F8A9FE51F523DC9E8BFE2E7F947D4B40ECC9A765AF661F044F765F228CB927A31B7473FCA3EA487E4AE8DFE2E7FE9FEA5A1A64936D53D987C10F767F233EDC96D1B5A6AE7F947D4AF7B85C010F2C34CC51D6C83018B08EECDE8C62C9F0886A2F6A3B8BE5CB6E50B7FBB63BF4C5797D5C62A31DB1A67A7D3CA4DBB67D028421784F502108400842101F3CF297FFA9F8BFDFEE0B4F735C55598E527FF0054313FBFDC16A9C2E22A0AED078394D649184C56A7680449FCA2049C4E3A7918ABB37793B290D138351D2B54E5EA5AC5D9335477474E7019189148F20DA424AEB0FA5641D581C3AC6E9483B2AB30F0E757FC157D86C386A6E96D8446EB8962724DF058A69723978C8D70EEF2BF526258EB7338E4997C7C71C831C636C63CE2E75EA5C789691EAF05A3E509AC706F92234222D96F51A488AB57DCAD9C01EE715131348DABCEF456D48CB45698D3D49B78AE72752B5575B5906A5D14E342ECDCD5B5230E2573C1D48D43B3ED0FC1564F13B676DC8B478AE8A6CC6C4426C331364292D03B6F56003474E3C3767C137B1B115720D3265C8E1322C8ADB7CA532589873B5473B83365B4ED60CB54F20F407B5CB34FC4EC2D472C894472EADFD22487BE95BAE6F2565E9D954E8B4922671B9B716D2852B36FE1D248798D9AD69085BC9E0099727271672F84B31D16B966A5AA9F08E52E7CB6584B9C876F252DD9B87E0A0DEDC9763903B65DA491AA606CD380ECCD924C8EE5BD6299AB4306DD4989199B3652985EBFF6A5EA59DB35BBA335654C8CE59267BDCB7DAAF3BD47C9CD73BD1DDFB1696AA461E9365236149DE89E8F08ED9794AD7BD28DCEB970222DA611CFD247AB7D9569D74413C335B9ED3F92A3C802395A5556CD8290CB9D6F94A5C70046D46B642E95DB4EB9BD548DAD36CCCEA1CB31125CD49B3F3485D6A4D8283E0C058BD0FCE91683BDBB3F816A8BD43F897D9FB33818590BD2538346338D48AD2F255BB6184731923DAE75AB8FE0C4B9A4C5CEFA547AB27C156925C951F6399B27222BBA429AC4E8C2011362B98BA2AF63719366E1AF922BA71E44CFB4C48B564987A5168CAF7BD1F3FBE534E26218C631CEDBA42EC5331384676BA31E6F3B6D4578241CDF67D25DB7EEA77938EDDB6A861C5C1E3D595DE57A6A7C519D05CB7A8F1C4E2F57DEA48193351D72D54DAC1DB4DA4F275EACF9AE3AE3B9BF45702E7DEB8AD391D5EA478226241DD8A83F0942706DCAD646A28E71313D3C95E9D29D619E7D58F699120C2349ACA95B6F35372E1081C583C25CA6EA5DB76CB2198C5EAFB4B6E524ED3C1CD28D534426C1494CF797345486D1442D5D6097A2A4EBE9BC538D3B3B559719EAEAF8C1DA1A7A6FB2247A3C4DE8D2EACFC92DCAB7B8E0B872EB94C0F9BC7063C5FF00A415754773127FBD54DDC7BF879CA8FE431FFDA0AE1A9394A29367784145BA47BF21085C0EA08421002108407CF9A7858BBA96245F717FF6EBD0707870A16B2D1B8ADD616E0580D322C5DD56767DDB445F2775B3737BCA9BAEE6AD2CAA23E4938FC01476C8DE2CB9A5E5FA9730E0CE1947AC2E75BFADD5880C53C62F2CB20EAC6D1123D90A7628B1625B0CC5ABE7DC5E13853AA8A26DAA1449D1E20C12B9C5B63B6337006EA51E4097104375D6F455B68E1C3C908C9248319485E1232DCAD021006D9E8F36D5972A65A33D0600283746445CD4F77B4B091523BA32E75CAFC005F368ED6F4925D99DB31FC253732D14ECE47B0315ADCEBBB140C4C4E5258DBCBA4AEB190C8456896AC0B9D6AAB684824ADC4423CE2E2AA64A190C1B54448ADF494B92C16166DAB53B18C6ED911111794B92436EF5D153AB32ED10E4167E697DEA6ADEBDEA59B5378A6F72EA8E6C6599DAE4A63766A3A1DEA92B544B392BB165E4A88619D7F253E793792E9877CD748AA39C9D8D387048A53D264FB95521D974C991B71AA4599A75D7599B7BA7041B089C9D480C2B3B55FF00092E328DB272B5D0E71D36652F485736DF46D25D89EF4A662573792868879AE2B9788E77113794296C6079DC35E8ACBDC696D10F876AD1BEF52401D9C99C7352A3CDE9B5553830EC635E6BDAB939D726D46F82AC22909AA23CE4F34062C4E4373A99A8207A7E50A583B33D0BA4B2E5E0D2895147A96CDAE9B66767EDF2558CF1309938ED28C60EEE54BAAAA768954C86666CF9964A4C450146225CFF00287A091240CEC4EE43E0FA2A11CB6F3496A3072EC929244C696012221F0843CE12DC983C485C5584458BA2A3524271D92F09CD2E19A74F47C951DA1262E712EBB631FCA472DD27F8C4EBE2C49AD61D5BF9498D7933D1CBF0BA69C970524637DC3230F3BAD477CF7AE908C5AB47394A4B0F91C72612B8765CBA429C8F106EF572CBA4990888F65BA5D24A7C3C82F478F9CAB51E1BC994E5CA582639B5B562FBD151E4CDF9D6B22384DF261CC79C2A761F0A2EC4F20FC15CA528E9AB6CED18CA78A2BDB56DBE424E059BDAD2F84AC030D1366E39A72501211D91A745717EA63784745A12ACB2B9DF86AEE6438D5BC5DBE927E5A00D18724DB1B3F3BF085748EA4648C3834C6181A857264C185EB6A98E5D5B971880BD7CE5AB48CED6C88D09539BB25CD25DD4BB296EE4CD5E7379429A33E0DB28B5334D15E962D323BC35E8A68E0B7684BE10A75C699B1669C6959C6D215996A3AE0B1D357C90DAB5154BDC77F877CA7FE431FF00DA0AD1734C5C769BA42B3FDC85FF00F1F72A29BB53A47FB415CA75B1572758DEE767BEA1085C4EA08421002108407806988DCFBAB4A0C56DD77FFC775BC6859889B5624CB1C2227DD86D31B87C2DCC5FCD5D7AB617453BC8531DB1B1115B0792DDAA374548CC48C42D4B6D7E8DC9BB5F65CB7794B6189D1783A94B2CF95B6DC46DB3EA554787C15B736C86D08C8676B5783A29128AD8A67AD96DCDE4AD2E8FC546411467208C8236F3F9FD59A8FA3B46E1246BC6529EDE710ECB7B15B45A3F0E16D201A8F4946ECA91C72216BB9C25F7CF5E145C67271A9C76BA70DA18EE32318ADD922235498BE51D92104500C8225B321576FD8B2932969390C612198DC223D25491949899C5848440943C462A7C590B95C2DCDB782B7C2611E318D80884F9D7125564132578626113B63E8FB536F61E6D6937A29D930E0E223210C87CD8C8B7E69270C616D2D8F57CD5A8B23234802EF98A64E104FC92879577C14CB9B3EE5D9598744692206E8A8F20B36EDEA61B5536F133745768BA39344236AE49A789E8548EEF4BC8535C3AD20C5D9ADBB25BBF073A203B333135B9926DD9D4EB45DFB6EE696CB510F868AECE7CBC9B3F5ADEE4B926D6CAF74F61B0924D2460E5AB02F192FF0014DEA528208633BE4B88087C10F97DAA2CF6549C2521F45719EBAE23C9D61A2F99169068CC200111977CC85CDB8F20EAC9576242167B2DD588973837FA930D8828DA8244A262310E4F55E68CA7BAF71D9C6355B49C610DA4314851DDB569EE5CC24222E4520DDD18FA8FB5559E209D11E289BA4BBA94B6B5673708DA7469642C3C510B6B04A421E6F10F5A8278E30CB58AA649EECEECD3073BD79CB11879669CBC22E9B4819BD1E6216E915E95DFEF1E4D2149F095234B54E31D595DA8CD9A18B151B88C8F208F488BF526E7D2501B10C719117344B9ACB3EE747C929A6A26DECB7D167AF1AD5C449FD2DA4362198AAC223773B61563E219921F13D49B5B1691752E22271110B45FF05AA9A8E726B8641B4BC95070E585312D7CB2465CE1B377A94B8E3766138FC2090ECC87B57B2DC74D354CC4B51A76B81124E4F733890DCA3BB35D5B7EF54D9082401678484C7A57DCD4F5704D38D776EE8AF442292C2384E4DF637013095C5B4E3CD524F10F210B0EEF2944331122121CC52DA61E3B2C3D15E7D551B6FB3BE9EEA4BA2746CDBF8F453B57F2942099B829D87063CDCB22E6AF04ED727AA3938EE9A33A6F52CE106FBA28F8908E8542E8ED0AC292B36D3214B3B3E575C9873EA49360B89DBEF520DA8BDB18AE11E7937E055FC1D2C1D9B6B9C91A92D97B79C9E8E1176B7599F92BA24EE8E7292A1E6702B59BA496708793728A70BC6D739649C8E5CF9D92C6A27765D36AA80E06F26E6F2532F036F539A512C9D72461F29715A8F83AB822104352CB72CCF7236A72FF00952DE4C5A47FB415A87E7D2EC8965FB917F0FF00953FC8E91FED056DF17645CF07BEA10859282108400842101E19477EEC22CDB5E332FF00A675BBD31A62790E4863F011C6443686F95DB8BBAF3FC41BC7DD74898ADE7ED7FD33AF5072C20DCC7045E32F2935573A8F9E0BD19D091C47C249E95B7A7E39E390E3792E91A3D918C777632BD870FA227327389C5C8AE6BB6472E0CA760B0386824926083BDEE1B44082D106E0EDDA97F59215D82D33383143168B22B6EB4441C6CEAAA858DC669092EBE4211E90F3594ED29A4DE31923C36C94845AC2B2EC9FA9D523452C8C26726AC7A3774FD4C88D0E60A0C5624E4018CA5F48AB405A1970F1410C6F160A2293C9B2E70A6FAF5A891949DEA31849DE96ED115F99BF5375649B6D30F8768C0E61918479DCE7F6BA3CB27049096572B8E08E10887A417669F8CA5B49EEB9E4E9105B637632AA0D3212CB4931A5147E5144ACA7679004E39C6309044B5FD8E95E49625EE13BCA42BB9B726251909C8C84A9E96D25E1863F08116D3F3B592F4DFB139492DB5E4B47A51882EB0EA91CE5F6C8744B6764FEA99728CDD15DAEFA398DE4EB86ECCDB5B929D920E94A96E15768DC3524CDB2223ACF4536EF5BAE1B7D153E0C239B464E51C7196D1497DCF448C44B0C6E431E18A478CAD1223E7F6BAE4F5631757936A1292E086CCE76C6DB8BF7AA993C51BC75011292D11190F7FAE9D6A0E2F4848ED6B465030F479AAAA5C513BD5E42171E6DAB9CE6E75583A462A3CE4B29F0CED694925D7745429445B9BF7AA3C98E321A3CA44DE928878A2DA6B9616949F2CD3925D129C8DF7477328D2BD3EE69CC1E22432D5B5A4DE517E64C1CF522A8DB696D0AEAB49AECC7B89E288D21F061CD32EC6FCD1536F8C9EBCDF82A461E68A3CDA2127F4B696B285A654B84CCD5B724CBBC955A03919DC9C765A4E75CA34A60ED428C4987D045261C5152C5237452DB12EDBF7AB0BE131B4B65927530D3676BE12BBBCA33B7C32204D7669D7367C997648A276AB6C97A299CDB2615534C8D50E5CCCD45D61B9918782495ED68EE22E68882ADD2FA6F09A324D4C9277DE279A584C2D24D57613D68CFD9BFB1688CB50845F72900F2C76BC6456FDD232587C6729F49BC851C5045A3EDD9D5986B0FDAEF97CCA147A7B4CE1A4D6B6943C4DA57141380C807D8EDD5EA52D9307A83CE06D50B87EF3348925929518F2591D17DD0B111FF009FE8083121FC668F94A07F88AEAFC6CB5583E59725B10D18B6949347C92DBE031D8428F544FC1CA8E3F94B5BFAB31B7E8742D31F090EB087A3C68A1C913B913C71C8225CD120F996970D0C389712C363F098FB79A386C40CEF4F63A7E4D1D233E71E6ABA6B922C33220262E35D9521B13206CB6CB8F455DCFA3449EA50E7E52818CC0B8346E119138EC92E72D28B4748EA34C81263662C9E44D06B49EAD717FDE9D930A75A5B6BFA4830C50B462F190B47E2FDAB0A115D1D1CDB380267BC7576F9486C393BF3949B8A48EF71D4C9173847A7DABB84C710393388C97744B787A9D65E2E9179E4EC64401610EB1C79B77575265CA92651DB6ED0AB0931006D7088D7A43C5419DAF7A8EFE928A4DF25714B81DD69C9B05E17A49A901B80DA97876607B988AB6A74E5AE4E372CB79C1484E3E910A45C6DCDF08AC1E38DD85ED486608EE70DABB9C2496BC0A6418F5865CD59FEE44CEDCBEE5433EF68B48D7FA415AB095864ADBCEE8ACAF7237AF740E553F951691FED0569BC704A3DF10842C941084200421080F9F34E938F753C4BB744BFFEBADBF7F90915C5732C172A5DC7BA6E31DB7ECFF60B44E757DA25D22AD196CB87C739BE656FE6527ECACCC222D29130F44950818B37392B5BD4592BB10B2F43499B5ADCE7F293388C691BD589543CCD4C8B34DEB89FA56B26C437164F8991DA8F2124DCCF93ED280D7BF4B24EB3539C59FA2AED44B24B93528D18A91062E48D84588843F8BBF25081C5BA24A741260DDBC2618AA3FED5C5BDA8D7D12CB5C1CA06C524938E18BA22279FC5C15A60A5691C846529EDF41FF3D28AAF0F8CC1046431E1045CADD6111B1594EAE3F3A90FA6E016D98CA4111B4631A46DF4AE76D3E0D3568B376A26DD94783941A34DEC38E5808BD44DF1EF4EE234EE0232108E219EEE710ECB07ADD74DEF8DA73DABE429A2337B446E72E6A48451916AE61CCB9B191DB676BB27A5C5467AB6EFB11BB6638C4DBE255D8BC209114E124F89212F08227957D6A49CA49AE0A9462FC8EE25FBD63B30A3AD1936A4939CF555CD8E95F6ADB9FD252248582D7EFB180E611228253B5FD49A3D118A22A8EAE3BB9D71AF3FB6D5D9DB7A644C4CA66324920EAC476A4908F205558996300D614A23197365BF2A75D543E598F84C260A3C58E25E3B8F1761ECC45B999FB5A855659FAE2B0F6847214AF2ECC706B5A3BF2CE95CB72F4C341D266653468CC9E996D31736D4EB61A8026720DC5B5AA2EA59CC16979F0F2DB196A66FBA68EC74568CBEAA65ED67AAB8C669781B0C32EA248F17CD9300552107E2EC5D5F3AEFEDB5C1C5BB25861D9C6BAF18CEEF06295AA06E70FC2DB55F87C7C5347AC1906321B46480B783BBB529D6D9EF4F1CC64431BDA25278B1236DBF528E32227144878A3DAB4BEF52230B88444B32E6DC76A4F7A4DBCCB55E8925061E96DD2DCFD111DA52BC8BF02E58A417B0B64BA369DDB936F8591B3923905BCAB1D3B2BBC8E37472783E68885AACA2C4630A311EF29C86DB464D53EEEAAAC348D29329186362A30913973453AF863B48B5651B0DBCED9DFD4AE9F058C8863C436123112B7564342706F56F64EB61715246734C031C500DF2CB29EA9A26E2EEFB967FC1A4FC99F6C216F22BBC911350F4AE97C1E8B616C55C52483745808B68E5EAF5376BAAFE52F2CA3918B03A0C4637B88717A70833CB7B07ED3FB3AD63749C33E0E4B6512927908659A794F5E52BBF177E2AAB23AE8B9D21A7B496941920311C060876A6D1F83BB6C7D32DE4FD9937624E1340F7C94A3868C71B14622236D30CE6EFD4CFB9DB8B3AB2D1D2E0A58A1C4048386923D591600682474E7333FAF726B558E8F1104B8093EC4CB1DD8928A43B9A567E34A51DDABB9968522A31F0E2F02FDEF8B1D6430C8431E24B68B0EEEFB9DF7A6F513491C330C24514975B38ED5F4DEB7D8DC768ED24D061717385F3C7F6FCF20344E6546ABBBEEF564B0BCA4D1E1839A3FB1BA525C7E107C5E188DC8B04EDC1B83B753B28DAACF2471FB39689B0B08DB6F3536714639388D7A4A3E13140671C7210E09F6B593E6595326A25486F521B864DAF191EE3ED5820E1E0223B4A31B4876AE1D9B3B59D4AC3695D3383120C1E9FD218662DAD5F7F3937AD99F250639A41B69CD52A3940DA8459A582EB47F746E51E0DC1A7930DA6E28F64E2C661D8489BAD8868F5ED7AFA96CF45F74BE4FE28298CC3633424E2374A2513E2C32DF4716ABFE0AF2F9459ED651CE18DDE876ECA5BF215783DAB4769DD0FA52E7C1698C2625CAEF0052EA0FF0004A8FF003297888640C8A321F84BC5F45E26102D5E2F05162E221D5C73D9B784EB767DCFDB556B2E91C661B131CDA1B4963344E1AC11970052F7C85DC680F566F8961A36A4A8F47770DA128ED7F2932F868D9EADB5E973565305CBFC60B59A5740418F61D91C4E8EAE10CFB5C5EA2EFEAA2BBC3E9FD178D2887078D288E5D9EF6C6077B103F53F0F9D676BE8DEE892CE216DC4429A72664EE33098C800A49A0D4463CE98CF20F5BF055D24C0251094BE36EB6C079376FECE0B4A2DF61B5E097AD643E2199B355E6526BE202960C160C447138FD298AC46AC628B8BB3EEAD373679F055B2729B428194D0493E2C464B84A737C331BB35199873776E357A555690B2FDB16DB54E8F4939134B8AD5B411EB5E4D98C566719DD098C3570E8B1B86318F09258D86689B8D5B377ABF6FC4A0872B314D1E2E4C4CBAB9C87ED08A0078DAE7E2EFBF26EB7DF6E4B2E2F9512DC7B66E5F40E9373177C36AC7F8C295A8B25DC8C1C397FCA98DDC49E38B488B90ED355A41E2A9F1BCB0E506280A23D2C7848A60B35186F00C23D4DC59BAFAD4BEE0ED4E576946F2747E2F3FBF155EEA566535783E8A4210B2681084200421080F9E794217F751C507945C7F9BAD562070D19D92CB04656DFAB396D7A75AC0F749677E5F698662217F03690EFF0014CA3C8C7215D2089179567E75EBD0D07A91B4F0729EA28BA68F42C04DA3F1BADEF5923C4B402273D86E3AA67DCEEAC5B0108B55E3D5B792BC9CE16662322116E9751E7B9490D212615A16FB2920B7460D691303767532DCFD2D7FB94656B2F89E9CF0C0DBA1BADF4D372960E2B5E592281CB9A2676DEB06DA5E418CA4FB2D2C631949197DB0E59B56B4F8947D29A4620086739FBFDB12423ACBDC8A99E7F1B5163FD3D733C1AF77C23D07BE3067E2E78A4F832B17EB45A1BDEDF82BCBE3C54121FA3CEB6CE66D53F3B8AB5C3DB1BC92E1F16427862B272037D877E0EB6BD3C5F1A861EB35CC4DE03091084651DC5CD1BD59068E1661779F0DAC8F6A588CC8AFEC6EACBAD79B44C0324324538EB3C6C728CB99D1F37AFAD5BCFCABC442C2D899638E48E32975671313E205BB5B7E7BA99A93F4CF0D4B016B2E28DAE27098502BE38AE111B8AE37A76FC4AAA7C4E0F5534A33C1AB8B6A59C710C431376BEE65E63CA4E53E91D3574467F63705D1D1385371197B49EB5777EA77A32A00C330DAEDB2B828B4746D1EBB0691C148E2D0E3F09314BE2C471024E7EA6DEBB2BC8175232D9E76FD85E48703966EAC747E98D2980621C2E949638CB675467AF1A370667DDEC5D93AE8C38DF67A38632617F1842A6C5A6313180C618B92DFE2C4FF0052C1C7CB7D24D1EAE5C060672E8E2C6278CC3B695B5FF056E7935CB0D133405DF1A22397102375F862D5BFA9D9DF27ED67765BADCB11B673FC7990E869290F59216B670C34652CA440F3B833366B31A47977A4B182587C1CFF0062E0947C6178C3EB772E1EA6CFB5683957CB0C262B09268AD118738715A507518C90E2111D1F1BF39EE6CDDE997ABB562348E063C2C6431C44410485E1F5BC5A957A5294F62D69E96ECCA3545DD5C48853BB42C450CE42FACDAB6572295F8BBBA49E227378CCE692E8CAE824E21BF8A664313188463D584775A23DBBD2D8CE820D21583CD1BF2CF7AEBD93A2C24C691078B31B876659E9277C6FCEBBF7EFE09584C6C8CE4DADDB21F152D64095A9BBADBD8EABC33C9F70F3454806CA9765CEF6F5AAA89659063A48DEB2613580237491973A2AF6B64FED6652031D0C9190C73C986BBC6C1286B04FB7D8AAC0CDADA4A42E2251FDEBEF67EC4B8F646DB4685CD2B2D70EA767DEAE0C93DB5B19462189B641219601BF2EC76FCD4DCADA0D20D21C638A22C23C8564B3806B4227EB7E34AFAE8B3AEC165924F90ED4771B6C3F6757B10D8F08C480B1224C45715DB4F5EC747B5ACC912DF8C1E891689901A39467EFB8E41BA29C01C84DBAD9F8AB9C1E2719647145715BB3B5170FD4BCAB01CAE3D19880C4E064926261212C14A6FAB3ABE6D4EAF892394FCB8D31A700B0F3E2C345617EE980D1D58DB11F08AB57F5559BB17CFD4C3AB4D1E88D55F06F34B774BD1BA21E6C3E1C474DE342E1EF4C26C8425E916EDFC06AEBCE34E72974DF281CBEC869021C3DD5FB1B85AC1145C59A9C5DBAC9DDD54410E1636A35D41E75BF4A91DFB0835A315CC3D15CED5DD15B7C1C8F57B387D5DA23B4328873FAD94B71D645AB9231D5C718C510973B2DCEA3363A9984118DDD210CD77BFA47C9E4D5FC1577BE1220A8A09639229228FC5109761D383AB19F484C777808A2793C6484773D29933752A9EFD7A51EE2F8469A7C416FB7E0A9B9AE0A3E667526D69135D75A5B977198D39E529A593C249B4560346D96EC943A93BDD77C21FA125DDFA1B2E5CE2E2B2DB04890639849CA3B4BA2434AFC4A3B0C916FF081E50EF043338B0B5D73F4892DDD9F32B45FA368264047333E6DBBC94AA83BD5AE1F2847726CF27A90917A4216BAE00B1F942E8287DE6762F29B9A36AEDB19E6575A3B568F4DFB5D47688F89275AE66E6DCC2A58A16CEF75C636847E2E2152D8C8584EEB4E4F171F90DD6A1D58BD1B571CC7F8C227152C51363C54CCE3708930ED7B538F2C64D7B8DCE5B3A810C83DBBD56EBD8727FC14B69D9F2DA1F495B144FC5E28CA38E12C6CFA81DA8F0472BC8196EA36E6A2871E2716045AAC7CF18EC90C632BDB56DCECDB99D4739077F8C72DA222DA4DDCEF936CB227E01275C64349B573B8ED0C866E4E14E088CE233A94630FFB4E7328DB4CFB3273B9C3C115A67C56F73145D060A360BA394262B76A41DA51E5C33BB8910F37A4AAEF667B84AD7E910A7A3C7494CED91BA45C55DCC84B91C5C8683F7CAFBB857F0C74C7FC3F17FA60B30D8B172CC46BE92D37709767E5869676DC5A3F1843F862A49DA350E59F44A1085CCEA08421002108407CC9DD2CCC7979A65E31B8875368B05DF726501F158B7626780B6BC9C217CCAE397313CBDD1B494623AC7728F67FE4B29A7A22567A360076AEB484D96E3A8E385ACA3F56729A5798D98B93053BF38A72B46D1FB5DF63F7AAE3E8F91EE7719764767ED775A39340E2C6EA61A5A96CCBBBE35D9393B8C1612D44E576CDA31317A9F7AE2E5FDC4CD26BA332F8190C2B69C7D2D98889ABEB4AEF292C117D610DD75A511538EEF8D68E4E4FE9020271C24A569108C7AAE0DBBE3A26719A2B17868A232C24A46520890D8E4C1BE95F896A29FC8ADA33AF86958B2D9611D9D8740458A10963192D19FC7890154DF83BFA9D5F47A2B17210FDA928ECED16A9FAE9F9B34E9E8C8E209F5F2EA8EEB70C5E5B3BE6EFEC569AFDC2D19EEF6C45B1B34A4231DB108881529577A7C6F54E1E1B1329DD24FAE38ED18E43BAB4E0DBB72B80C3610DA3AE9011718F6ADAF399DE9F33A7711A346F17C2C9AF0D5EB64EB3A6F664519BE2465CA3E0A68F053301396F212E81532ED5DEF19C5ABAC8CAEDA1D87D8F529B1908B52DE8F490C51B316CDD77391424EAA45B5DA2B8F0B8976CB6AE11EB1FD49B7C36285BA3FA2AD4CA3A56D2F27E25C7D5B7386DE96D5455769D399315C153A9C4D0B6449D7403141B4D15A5CE192FB6CF6FB55A83466D40B49BDAACB47E869F10C4E3869248F9C44113C8F4CD6D5BE244C7C4A08311A420191808475F70CBD6756CB3EC7CF7A0F15A48DAC39449846C21F8B37EDC96A65D0A784113C5E8F9618F13B384C49838B1BBB6EEADCA16261C2C6F60E12427DA11907755FB11CE4966782D2F899F0EFA6CED125D72C5B093308D7CABF3E0AD2F801E8F19579DB48D6E19C6D71E77EFFA973F77FB9FFA297C4AC8E5C636AD9E31272E911B57727232C631558469CE21295873A2B06930E2C2CD1DD6F95EA5C092367AEAC6BF0D1EB71FAC6D5F12BCCB1CC59108DDB5CF6E3D88D562C9AAD2DB7115D79929CE719113EAC6BF0D20E68FA5FAD61EAFFC8B4BC105E0C535DE123F2876DC51261B1256BB108F3B9C76FEFB94DBE32C9A41FC043B81FDD2E71F4D67DCFB14420D1D882CF591FC1BDEA83C0E263CCA41A10DD6F3AC529C8073B87F0D36D3C6CFD1AFC351CDB586684360A776AFDB25E977A3D12DB474856BFDB23FF42E4E97DF51B37928EFE8F897C25CF74FC8C7810F80905C9DC652B767FCDC85FD6941A3E477CB5F4FE6E55F6B23BEC19EE62B6EE6971477DB549DB69FA45625CBC8FE050606567CE4193D128887AF8EE674B0C0C8442FA8C48F46DD55DF524478F1E8C773FA20BAF8FB9C5DC6727E68F852F8B7A5CFC8AFA26868F1D96287134BBA3877AD3F5251E8F8FA11E2C5C8AD2FB5EE6A76B6F4CC58BC6178B8A727E68F8521FD69D7C4693FF56C4D0BFDABAC394EFF00214BC1D7C04765DAB9C5C4BC5F7BBA49E1631027719647FB98861D89D23BE3498367869C98BCA3B9243133BBE7829C88B9D683925CFE45AFA3A71834773E1B171B747C10D7DAC9BD48100BBC58BBBE0353E25259B166E2C3A2F125774ACC974E1C60667A3658FE1026E97915F4407C146E44D6E32EB6E1D8D9F8D25F0E602348E7908B9C2542653D8714F90E8F9EBFC925BE034893093600C58B6AE9282AEF976C95F444C3E18C9F6A39458879D630B076537A0F02FBDF5A4DD1118994C7D17A469572C3423E51CBF5243E0E48F3934A6105BC913227FCCA6F7789176FD0CC7A304B5758E7222F18454D86EBFF0007497D1B99782C4C623CD1D536DFA99264B46EAE3489FA364597C699732FE3E4AFB16D7B8FB2504B82B5ABA8C58F9425137D291A9AC654C06308FA36DA2DF4A5B99F94448694AA3B44B753F2291C7120B59B45E2CDADDA213617F57522416A0DBA37177173AF362B15A49873111B4AEDAB0BAF8D1DFD8C9174C022445E3358319174E8EDF3F05CB7B7D82B1A28DEE76D178B9087CA95A95FD5F1A2482317BDF45E3046EB76651DBA7629F8839227136BAB28894623B4F5AF571DF926FBF4AE8EEE741E3361B755B3F89D5DCFA1820BB475176D138C92EF2A511B1BE25A9EE1146E57E94660285BEC7E2FC09EF1DA1C9D553CC741A108B08896C873DA8D92B8EE1B5F765A62EDA7EF1C654BEFC575D2936DD847D10842176282108400842101F3A72A8ACEE9B8F2EA21DFFC832D04930C8D2104843247B5A8BED6367FD792CE72C05CFBA569216DFB34A7F20CACE7C2C91C844328C843E0F6BD792F99EB629EA2B7D11920F132479B497374A390F8BA4F7FDEE4D162486511BAD3E6833BB57F32AB9F0F88386438C488CB585696CE6CCF4A375AA56C462C2E9248354575B0C7C4DEAECECEFF003AE31D14FB14CDDE1B4DE08C86296490642B6D904D873EC4BF7558503280CA390448B57258E578B71F9F8AF36C44D8B19E42EF6D929483565D8DBFB33750F1AF8B794648E12F2486FCFB1D748FA48DFE45A67AAC9A7B092C720147A8690BC1CA06F4CF73AAAD11A7DE4C64F82C4094B18C968C965C54A6F67E0D46AAC34536901610087604886D2972B7D4AF3416024C76968C61BC8C844B13D40D4A3BBF666BB69697B72552B0D3ECF40C072630B8A28E71822D449210C92905CE7475A4979238331A4705A318DBAC13B5FE34D683C2368EC14382DA2680A4D5FA9DF2F995834E6EC2CC370C7CD1BDC6FEC75F4EE4D2C2B3292F2657951DCFB0F8C6D6E165FB1B8918C42D1DA0969B9DDB7D7B6AB1FEF79A506390CE782F8FC5C427E37DBC17AEC989C4C8571431D07A2A0E24A57626786D6E72916D60AD2679541C8CD264E37C7145E5099B2B6C2724208AE7C54BAD7B7C481BDAB651478833B470D24B774841E9F1A31380C4466212C042F2737ABE35BA8B7FA91CFF0052E0CF41A1746C6051860049A4E749C77B6E7DEDB969745E942C040387870D18C63D2B33EDAF5A71B404CDABA88D24E7109DD6294DA1A008EE9E738C87C9A53B28B4F66DA4B065395DD955CA0C4E1F4B68EC6E1713098C9AA924C017088D9B65DBAB365E413B6259C4241D59FDD2ED975EE47A2459E338CB5C04370C854151B4C724F4563E39358431CE4368E2E23B5F2DDEBCD4B515846936DE59E2325F60938E775A43F4AEEC388EC8D47D0575A6F93D89D1B8A1C3E265128E7B8B09387DD459F2AF53A813E1041E36690AD22F0857A545F46B232C20ED9C6236F3B6125A16A97346D122F6298E3ACB5863B84767585B37F6A9587D1521C7AE38CB5575A25D151463D22E4AAB0365FD1BBE1BF052F09842923ABC23B5CE90815EE03415CDAD90846DE6DC177C4A7FD888CDA8539476F36DA0B2DA51F07366467C0D364231A178C9081A89DC168979CE380309AF2C4C96C643B83ADDDF72D741C9C80B32C5910896D0D96DFD8AC5B47C71E51F8311E688F4169ECF8933E485A3B915A2E3316C7E10F12223B51446D189FB77A5693E426819A327C1E1313A3671B8A3BA569C7D4FF175A9C04E2FE324261F295FE0B1BA3B5118C832C86375FB1CC77EA5E57A31E68E8A6F8A3C9749F26B1BA3A3294B011CF1C457492844C4DEBF995436908498AD820BBA3E0987D592FA0B0F8EC084424F6CAF26C94167CCECB25CB8E4EF27F118709F0F828F45E2E594638E582168989DF7B3B36555C65A7149BAC1A4D9E5711CF8A3182286E793C906AD158C7A27142620D25A437110EAAD7CB7D54AC26261C34328845AB38ADF083BE5767C99DF7D1EAA60624E46919C4A2935578C83BE2266ABD7AD9D9AAEBC1A9AB2BFD31A46D34B9792041A3E4A109C1708CBA890801B9D4AD2BEADCA74783C239C8D2EB63D44625AD1DC0CF4DEDBD9FAD758E18C44A5906B3DA52C626D43A5736F53B64E99C5E2218E5D608EB4713190CB11547BE05DB2717E0ED52765C7F5C9D13DC247D8C8C5E2709065092EB640D9BFABE6F9D3389D1B09C044D24A2DACB4883119E1D9F755B7A60E58C60D661E592392211D6444776B5B83B371ED651BEC8036B4B563F6CC6231DB5A03F553AB2E2AA84F95226FFA1D9F93863AB27D2832096D5A55B81B8D7AFD8AA31B86970C77C5294A3D121AF0EC525F48491016D5C3B252425FBF57528878BB668C8659062C58916A88EEB1F8B3F0F2B82F4E9A9A7727686EB1A6D218D6C9A4B7A25E9FAD225C563256A49892A7922952EADAEA7C2214C6B85B715CBD49279480E8623102242D8996D2E8EB5D71A731CF5E5F869873ADAB8F45ADA4B25BE26491A853C92379246E90EF56FDA4CC6E9C7EDD9F2536D0B077AA4FE6446324A5645194A7E4805CEAF347F25F1F29C458884B09149B4571B5D4F52D2560A56ABFA4BA00E6F96F15BC97921A3CA3F03349149D122A97AEAA062F93D160A48C465299A4824C4CA446D48AD76A70EB751DC62DD02AB4604C45AC90B6476E5BB658D4E37819A527C30C8E3B45111DD9BB7D39FDF289DFF1C6C51ED46DB43717432E0DDACA2CFA4185EC7BA478C6E1D586675A3AF9ED3949BA2BB1526970F0731C51938910CB6F533EEAFA992E3D48BCB2C71DCE222051152913B3366EFD8CCA1C472339047A1E5290486D2B2E03177EBE0CFD545A1C0606108A437B89E7F283B1D9D9DBD6ACDC60894371436B46F24035904B5822199D7FC724E77161B7971A787C9C263DBF2C54EB582D0B6D8C7663BB787ABE350BB8D3B3F2EB942EDBBBD31F6FF482B7E8E5BA5208FA090842F7941084200421080F9B796E661DD1B49905D709476DBFC8B2BB0C5D1C75822265111917B73CBD572A4E5B333F747D24CE56B5F1EE271FB8B752B68DE0390646D9B63B638FCB6AE6CFEA5F3BD625B95AE8CBE49387C43C8FAC8486E8EED6891E596E7AA91262F0D2DAF2C2389E6F55776FF63BAACB06EC5845E0C648AE8FA37B5726AF0DE2C988F69CA328F6A0228A221D96316EB7EBC8979762E5153A2E313A3B00520ECC713108DD211B96FDEECDEC4E87233078B8C65C36921193571CB2C27BE21CE9ED754B3E2E97386D3443B577DCB3F9B7A9B16959200267221118B9A3BC19F3A3717DC2BA45B4EDAC177175A3BB9F618DC6493495D1C6371463B37B36FAF5752D460F43E0B4635D858238CB136DD2F39EB4DD55880E50CE2F509475789192228C833012AD3B382907CA5C4161E48CB56250471944426FB7B4D9FAF3A6FDCBD9A7EA34E3C4724E7B3707752E7212F25341A46407B4638CB6AD2B838D15460F4F77CC9A170E118949346445270D9AD6ADEAB9590622166D22326CCD1E2766310CEDAB355BB38AF52D7835698A65C61F1721C64CF82191879B65361D498B10323D0A128CADDA130B98D56E031914803615AF24E5115BB563B33D59FE2FCA4498B8E2C440DADD60CF89930D297089D872ECCDD955B5E506DA2DDF156B518469D111493C5B3EF8C4BE12A4C5E35E1C66A9F9BDF30FE50BD512639864C4816CEAB191E1BD8ECD4FCE4BAA8C4E4E522D9E68E4716690A172E7752832C33C92D23C4DD1916CDDBBE248C41B866DB57095BEC488B1A40D7476ED5DB25D95DDF1238349ED623356B72178984A2CE69AD6B7C188AA737691C89E4B5BA22AF03C3C5E14A390F9B1DBBC3B14194228E428CC79BCE5E5B76F71E949560CD728F440E3E289C67B64C311147774EBBD9523680B46B216B08879A3F32DAE24637F16ABE581C989EDC879CBAC64CCB451E1346612328CA78CA561E6C7C3DAAF0E1078C5A31128ADD91E1EA4DBE8F271BB9CC93AA901AD61B879D6F05D9330D0F342CEC2FB34E926F11001643BFD1461B0924B70391477178414184A0440DD1E6FA7447FE4CA22F791B66D310AE470C8274798BD2B8D4E609DF78A4F784A4D77395BF23689C4183146C320C76F8C21DCA5363F08202C25715BB45DAABF11A3099C40E521794AD8FD7D4A21E899632A349739736E59DEBA35B7CB2DA2D2B184837E188A32F1843D0F5328BCAF9E1C6E1B0D0E0E4287ED98C652F16F6BD1AACFD898C0617124E42FE1184ADB4943D3B8B8700C25215CD19DB35BBC1DF3FD4B8EA496D76CD2479F498B28A5C584920C603395B2713667FCF929787D3CC12466120EAE3110B483C6BE756EDCB251B4AE1219CE6712D60115E518ECB8573F9D54CFA36D8A378B9B75C4447C1F7375F94BC8A3192C95A565D4FA41A49842DB80A3211978DB97CF9E699971DAA84A3D795D8693C1C827CCDF97A9544B8699C88E396D78C44047B1A94A26A3C3E21C487596B946519759AD2846B933B51681A4C8248DC0AEEF98FC58FCFEAED4CB692761107F085696AC47A9F733BEEAE5EC505B0E63ABA15BABD9221EDDF976A57D8E76B7C21174A4B4FAE8B7B6029129B1CD239398ED90F8BBFE7AFB093715E71D8525CF1497472739B26DFF00A93987C0DC42E232485CE11E35AABCC1F2574AE21A378F46C82120916B0CC63C9B7BBA25788A2E17252393B955C886E2FDDBD4B8CCB7986EE7188A096234945E94710393FA95C603B9FE8B61AC93CF897D921213B727DCBD11D392E8E6F523E4F2F616D9AFE0AB8D1DC94D2F8E8C65C3E8D94612F173985AC7EA5EA780E4F687C0C91B47A3E3D67DC6697C23AB197496AED89A4B5A421D5463B2D9BD28DEA757DB7CB9116A2F079AE8FE4269176F0FAAC25D7095C7AC2FA15F61390D83631931252634C76446FD58FB5BEB56AFCA38E394424B4766F293CB6677F9DD75B94D837296D22B0AD312ECE39FAED7FBE5C9B8DBC9D513F01A360C30D987C145866FF67130FC6EA43E085B9FBD54E239402F852C40F82B48844BCBA3BE5EBA35CCA0C7CA0393BDA77D98F5E233889F305EB4759DEB8B34687BD23AE42A3E3743478A09C5AED64B114025E433D7D89F8AAC44D2115764463E26F9D69ECCD2F138F8F0DAB279757AF83BE60BBA6CCEDF4FE5239469DBC03CFB48E81970B3CA471090DA4623E5D37FE651A0841DF6228E36F819E54A7A949D33CA23C5C9412D5F852E69DD666FC7837F8A8C18B1321A0ED4569DDCEC9B7B57F7F997CD9276DA5824A5D1200DDB56D215A424370FABB7B1920310FB51EB2D21229367A6DD5F1A6DB1024F79115262228C48F98ECFF5A6C3574AF46393C1DDBCFDBD75B5636F946099DF3738B388CCC3D1F21F3A28DDC619DB973CA067DED84C7D7FA4151E237D961BA9F7323DA73EDA7B0A89FEE2EF5E5C69E7F2B078F7FCB15ECF491DB29047D0884217B8D02108400842101F35F2EA568FBA2E9432DA1128EADCEFB8B25062EA320737688B577E55677F8B27151FBA47F0FF004BFF002907F64C91B2C4241E0ED12D60975E757F5662F45E4F5114E49B232C43112C6C476EB070D6894674DB17DDF35CEDDA9CC662D8C05E38EE92DE68EFC9B377EB50E7C5D638C1C75605746221D0A3352ADC6B524D8155A728ED1788888642E9D77B7AA8BCFB7B6884B772A483E0C8A3212D5F975A519D2249DBC25E5CDD58CBD7964DECC943C34B747E106E3F0915A751DD4766AF5E793AE191B1CEC62333DB6C96873EB4ABBFE52BB72427C733BC635F056F8B1E0147CB3DFB9D7588A48C99ADD641B5AB1DE62EDD4A0C511F83772B83C54A426DB1577A55B87E653C22102B80AD28AD11F4DAAFBB8BE5BD4748512E32D610C84525918EAED03B481A9C3E35324C44914989F0F28DB1146321548A8DD6FC5DF6547C38B0EB684321149199443D3167CABEC745A4524AF6F8BB8844BA6CD55C6F2689B1699C447188C72088CE77C91DF9E74ABB3EFCA944C7D99C4377CBBCBAB2C34E5898E2296E6AD736AF1CEDFC1505819C05C8B54568EAEEDACE9B9FD8CB9246E4F10BC635C48914771E59F0AF1E932E8A6FC8B3492F29C717A47053147AB786486E22DC62CD47F5EF2764B8B4F4720624F5C45DF389B0478C4C22CC2F5F693AC5C6CEF28B14842D10DC570370A532EAAB29973C872D444639CA4908476B2766CE9D7B22EBB7BD25D9307A249CA084705869E4121728A4DAB32077AB37E6248D19A46329A084A412722132B769AD7AE6CFD8EC556584EFC9C9A08486E611906DE7303EF77EAE254EC4363882581C65F1318C521596D8EEEF5EDDC59AE9FEAE49AF036A68F40C7E93870D14F26D0BC73E2228C87A04D4CBE7FC951F49E9DD5E2F46895B2B94B24B25DFF981A3529EB7C963B198AC4E20268A41D60F863D93E613093BD7F3BFC1151B1F89C4949A3661C495228233B8E96C4EFBE9D55A2AFD4A9F2B012AE19BE6D2714988D5BDA2F2889C518F6B310BD7771114E4F346E13D24D5B114DABBB66F6CA8CEDC37AF387C4903E2E48C658DBC1840247944D764CDD4DC13A7A6A770D28D247704E23288DEDB1CDCDBE21F52CBD46D7E9349F93D2431D8600D59EF118E5D616EA3D6ACDED6AA504F852180086E72B6222E20ECCF47A7AD85979A1E92321C13B15CF1C166AC8DC86D6767177F632B1C3E96946189CA4D4948326AC4B9A62CECECEFED7259F7A6960B713631E92849E08C6D8CE5221B88F9EECD953DB6A898DD2718C90300DD749697B599DBE77A2C5BE91D989C642A44576D05B9B3D59BB7727A3C7949293309484443E0CA82D567E1F193B2CBF53A95925C7C1A07D3F21155A3D5DA427B3BCD9FEB614372A8C239E468C6E8484755C0DB853D54598C59C91CE42C56EBB6B67A0D5E0DEBB9352DDAB17192D69E3238FD37767AB7C6CB3EF6A3E642D1A4D37CA68E78E73612A94F1EA2DD9B06AF476EDA326711CA83923C018C031C9190C528974CBD7ED594964BA11668EE78CAD906CE63E75748A936AC2EB5E4B7532736CAF5BF63ABBA4FF70B34F2F286403C6C7B5114B69C643D0DCF9706A6CACEE9B30C5CC388DA9CE7884A490AB432677AB538F4521C888863322B7675027BE566EBF630B24BC244720467E163B806E3610A3F6FB38226FB6472F04108AC228D8488A3FB9FA2CFFF00C53F1C02662003B6569471174EAFB9FF002939AA61726BAE39231119041EB47E1D747A6F4F9B34714126D090908C7891DA7066E0FC1F72362CAAC661E8E2DABD53ED6B06FE6537B76BA4C585217C8465B79BD59F5BFAD4EC63801099889465699749ED76CDBE75C363B45A318E318C48B58216DED5DCEFC77516D49D2258CC50C35A14044F26D88D9CF67AD29F1298F87C2C45139C7296B0F6A230E15CA9EC7AFDEA623272D5D92090E1B67CAB295A57F2BAD38F886921941C485C63228B6F8EF7A75352E651B65B2FB0D8BD1F1847245868F0589C148324F015232AF166F6B12BBC369B67C590BC8324728EB2E036A03152ACDED65848A6C4CB28C822319CC3B2214DB276A33B753D73F5A7639E71C50B9618A438AD1B4839ECCED57AF06A352ABAAD571E191C53E51B98F4EF83C48B6CC9800BC878D19DEB4FCC95A3F4F011148C5AB118E43904B65C1E8CECD4EC7795B2587C4E389A4CAE169A01190A33E36D1EAFEDCDB83A6F098A7D75CE57472443114600F50266A57D6EFC56DFA99F4CC6C5E0D9E9CD2E4320B4320D04A338C84FC5136ECB7536BDB6AAED21A60425C04BACD8C2624B9C0E4F693E4D4DF5667FD154723C931CE23190B61A32D5119B50DDB733BEEE22FD8A26235948DCC75A7B442406C5BF7B3BFA9B7AE2F565279669452E8918DD22664548F38CA6DABF9ECF9B3D3864CA0C78E6DAB4AD939B1896E367A51FE261AA7A486D091824D63DB74B2710666E0FC5B3CD5618BDC2EFE13564422427735BFBBA45266ACBB7D3052C1DEDCE1DA96112D9D513B3D69F19512F43699D462ED93C2413CB19E2E4E94422F5676E0DD59AA48A1377232128C76AED5F66FCF7B51994DC1E8F2C518BEABC7491F34F56D2E6D93B706A71F491A4AED99B765F62F95D2487821C30EB1F0C3649258F53A56B975E55CB7A671BA6A49C70113CE348E3188A1BD89E217A3D19F756B96EA2AFC4E8E9638C9DAC8A49C64F0647944CDF3D7226CF7DDED4C6A5E308C0EDBE41BADCAB466CAAFBF8EE5CF0D619AB7D9D94756F231174AD28CBB38FCC9D898E9469870C442318C8676B1B6593F6BB5C9A92F1B8DE4D65B76AF7D33DCFFA49DC3C5B713DA33EB06DD61546C77DDFF73AAF82127082518C844519362F635640FB7BAAEDF5A9388118E3A08E50ED0F5DAEFC3F2BF254292798A4B9BC58F3887C9CF2A753D4A8890DEE22292E1B75436EE367DCFEAE6AE7B5B69905B8B6B2D292D1E70C9CEDDB99FAF71297DC51EBCB7D3AEDB8B058FF00ED0542825A1ED0F3444A392CCB3DCEF9A97DC47F86BA6FF98E37F4C17ABD372CD23E874210BD4504210801084203E62EE975F77DA66DDF745FD9326B1115B3C8EE5B1CD2EAEAAB7B548EE8EF4E5FE997E6ED439FFCA64D33BD94B8AB778321AEDD6B957B579F5BF24462AE161177B49A22E6DFD6DBFAD13CA3AE8E4D9B79B18885AD9D2B928C72973984498B9A3E5D3B3DA918B96D18CCB7C445ACEB0AF067F5AE2A392121B26904769876BE1B76FB1D38063764573108DB1F3AC66DF57FCEA181D96BBEF1B46DE06D4FFE2A40155E326B46EF183DADC3D5C51A04A67B25D65DABDAB4847A62CD93FC4F452DDDB12D11008C451482514E20F4A3528CFC373EFA2AD666923B4BA42231CE3B2546DCCFC77DC9C8E692920996CC622318F388EACF9D6993E4B0E2117D1B6ACA0A73846CB4B69CF37A669993131830BB0EB1A33211948EDBF2E3ED6CD45C362880C444B58570C83217EBF63D53139DAF8F8C36879FB616B03D5EAEDEC5C54339058466141792E9AE11F085B819E9567EBCF244711DD0C8F717841D50F0076AEEFCCAB80DCC0482328C07C697EFEAAEE486C4484244D210B10D9D80FF004F15AD8C32DF1F347870298F01193C71ECC8715D651DF2F6EEDC9AEFD028A233846331B648E31D9CDB7D78568AB25D2E77ED0EB06529006394F23666AB5783B3BDDBF7A406380E1901C444602BA7B4398E55C9BF7DFF003D5A6E95A05EEB70B2B6AC2428E4C2482637073C73A3375352E48C4618B59478C8A322F0B259739D5F7B3F66CAA7831C430D5E32A4FAC11D87AE4ED4CFDB4A75299269078E18C4A42138A4E8EF89A9957D8D47597092780391E2C584A422BAE0288847ADD9DABF3F14B81A367276B641221092403B6C266C9BE26FDF350DF1C5899E790063948A4DA8C439E2CCD566EDCC911E906C534A002503477095A16BD7A2EEDD6EEC39BAD38BAE084A91DA1116B4A3DAF1A66FB6EECDC38676D7A9333946D1146570B109090DFCFAB353E76A251CEF2C7B65734825AC110617376A66CFC3B6BF3288E6261233EE28EE93A563B3E4D5DFBD958A7D8183BE3905886D0D517842EC66C9D3D83C54D883C346E2303612010D658E3B2CEF5677EBA39265E11712D5177CB4B7190DF6903BD32EAF6BF94AC22C34B2612E8E4D5CF1F83970C21739D1DB376DCD5D9DCEB4DA4B204630D9CC6412D9D58EB0482DE3C3ADA897ADB1F0CEE570CA43194A5D6CEDBF8E69990A38D8A3D78C61D18C8DE42AB6F7AF3599B775F5A852620AD91B808EBE321E8519F37EA6CB2512B544A2E6799A5D63C6223AA22121BDB61B7EFEB6665C09C0B0E2324E31B405375D005DB2677DF93BD72F4951498E07212722A49B13CB97DB141C9DF867B3FBE69FC19466E4CD214825CD82CB9CDB3DFC28CCF4FF00074F6E964D32E5C22068E493663906EC6DDB59B52BFF006BAE31C6604D68DD18914171DAF2BF1CFA99B36AB763287DF4DDEB2620AD1012212886562E1951B7D3226A3FA947799A08C9863D76C89470E7B0CECD46EDDF4FBD595062C4CB21390C8FE11C64FB6479B7D387533BEE7CB7DA9DC4331C9148F21619E221238081B6C68F5A3EEAF35F34A0942D948CA386EB679C47C258ECF5CDB7D69BAA8078E5906569044251D694261AB78B755D99F27CACFCEB7FC02734B8670C3482443A81B75A4196219D9B376DCD576F66CEEE31A07018B507B263E006C3691F2AB7ABC9755CF8928A49E3C4C796263B2390B718B6F767F55B9365D8C9DC035304325A22F716A31329DCC79BD32DF5C8ABD5B29B2972658FC1013EA1EE199E4B860936B6D9DB8B537D5C92311AB7D7C63744F690C826775ECED93B71CB7765DF1467C7106BA9214125A4510883D42BCEA70A3D72A2E3CACE4520ED115A524965CE15CD9DDF865BB35BDAEED946F479C9134A2022568DB75F6B4AF57AE6FDB6E4A733BBDA0E231915A336DDAE0ECED5AFADB355B346D2C71178291A430BA39EE2606CE8EC2D9D6976FE23EA571DF4243188CE4430C6310C13ED6B5C99A8ECDBA9CE6ECB925E68B42A49AA7018C03008C4223206C8CAEDD9F9D3C6CC2711C92DBDF31C80571E40CF4DEDBDB37AD7D151258404C6302216884AE80AA3633B6E67DD9BA5B3586520CC57F831DA944401DEB9D3AFF5F6AE4D2E86499060E3B0B585AE794FC55ED6C4ECF9F6D7D4B9243142728014528DD08C931F847017DCDD593B51DB7D5458A4291E36904A2312218884DB609F7BD3B187F29771386884E367C4EB4B1725D24C341631AE4D46CB7762959A6C858622772E64432BC71EAA0946DA559DAAECCD9568E2D9B7C4ABF190B46636894B25C5AE1E19F1F994579E484E308E108CAD8C6422AD4DDF27677DEDBC9F253E784882632D9924212DAA48C14CA8EEDEAE0CFCDCAA896DA057E219E50808BC1B5BAA8631A6EAE79F1DE5F994778487591DB6B910DB276B6E7EAC99A8A686ACDA32BAED591143B0E563B366D5DDE56FF47D49D9256D5094FE1E328C6E8EFCF3DF47E193D3F0574DCD62815D036B1AB20DA05288088D6BC599BE36AEE563848E48C2420C495358452C63527A3706E14CB3AF92989DC2308A47118C25935B1CA4773033568D4ECD94969E6639F5969472178194368656767A33FD68EE4B1C12896D790DE225297849279B2A44D5E2DED4AC41BC842052888C5AB8C84369F765D94A5CFBD578620DC356C471472897382D7077E1DACF41A322770B8618E5D715A376C5AD57E14E3467536E4A4B6C3B334CED6C850ED10F3ACAF176FC25D9C49A4825E7462220223D367CDD9FD8FF009298028A38A478C8C8F1245AC23E69B356AECDD8CE34AA65B1E4E108B9088C7708C63B2FF5A6D6D949301810904436BDB7CF89E1B2CF47F551CB24CB9EAC49987625DABAF72706676CA9DBBD4769C9EE8FC60C91F84188ED7CAB9F6E59265F1464624DB3ABD918ECB6C6E0D4F5B516D45D81473BBC84D75C16FB4DD9F7BF157FDC2DEBCB1D2CFF00FB7E33F4C16465332D86D972B75C41DBD5D545ACEE0EF5E57E927BAEFF00F4EC5ED795B40BD3A6AACA8FA2D0842EA504210801084203E63EE97FC3DD37B56F89DAFF0094CA11BBBB8B315AE5F90FD9D7B8549EEA3FC3AD3BB56ED43B4DFC90AAD9D9F56323116CEC910EFDDC571D45FA9118E4AF694720ECBC91DC5FEC9FE8AA5D9705AFCC94B6AEDAB29FE09869B591906CD08B6AE3C8E99FEB24E61A766221B756F6ED425D59D59BB7D6B9B4E880EF791310F3448AEF6327223B8A4222B9A51B48B81BD37A6E277ADC45CDD897D6D4AD1BD4BB2DA1111815AF68F831EAABEEF5ED5194FA03B873A473B90DCC324850971CB857776A54F887262631B464B863B4D85CDFFC1BAD460998CAC61D4848376AF9B63B7D68370AC11DB7116D733AE9BFF32564125A7277BCF6488A321E8D946DFEB7A2907394871D85AB7923219087C9E1F3AAF6999DE3262B5FC920BAC5DB8B88DB6C770EFAD3AFDAD75547104B02318E69084858AED98BA6D56ABF62770CF239CED7088C250C8369B6C333B55FE27DC9B958E49357190D4B56431FA3C59FD4CE9D8198DF64756318D843C4EBC6BEDC965F005BE1F0F2946315B18EA8658EF3B9C2B9B3B3756747A7949BC261D9E2C6BB484524B1C9AC12A54FC9A3F1CDC77F022EA5280A1692F8F65A21B6321A73599AADEAA3293DF708491C7AB228A41122900EDB33CA8FD75B5AB55CDC9AC24528F4647249261B5971463CD22DC0F9D2BD4FF3251C33DF19CB195B6F85964DF733E5C73CB375632440E73381146D248436C7E0DB27CA9C1BB3E2483C41D64393C20084974434D876E73BF07AB36E66AFB16B736ED2208D190C71B5448863C7894589DBB481DF9AECFC1AB9F1CD469E27C363312051495C48916B04323ABBEEEBCF36F82ACA7C701430491C005AF11119022CA8DB9DDFD56F628724F1CA113BED161A3D9BB74ACECFC7D4F9289CADB6B00E01109084738936AED87D79573E0F56CEBF9930D23CD26AE3C3048FD1123D5E79573DD93B52889C43085211DD7463AC808ABD6D5AB6FDCD5AE69389603688B0FE0DE41D64841BA576AD2BD55675D12407F04C31CA4E720C3CE2D5DF68D1FB773EFA75AB60C5040F21DB735C31C5D528BEE676E393655543800123840E52121B8C6720B5837D59DBF5A9D26C49200081145E0C631AD005BE6AF6D7C95CE714DD301A5E480CA401B49E421190841FC155DEB56E2F9F5A8189C3C903491816B1A01D60971077CDDB7757EECB9261CE5946B38C4D18DF25BB2E7BE9D8FB923086D0955CA5975872116DEC8578D3757DAD55D62A924982378408C631C311014A56C63173C5DDA8EDECDCA4C6471B4A1A88F16721084446631B03559FD4CEF4AF041BCD262499E319E08C4AE8C7676B83BFC7BD38F0C831113EA8A4D5DB24807E2B37AE75FCDEC55BF2030F3946D21C83E17124453DDB4C74A529D6D54D1CB289884444423AB28C4B69C0BABD554D4EC2ED1B14A31990EB632E34ABFB37B6F43095D58CAE31908249F8E5D4DC33569025E1E7C89DE311396E1C4EE2CDD9F2F629278803B63B6E712B763C1B853767D5CD6755C61AB08D836ADF09B34E2DC7DAE49B0670B988489C46C2213E655DB2A7B37A9B53C81E9E6D59DA25ABD65C6319F846947AE9C77FB13AD89D6618443644888A3B2A435666AE5BDAAE9BC1DC6C509C7AC8C6311D65973C4ECCD4767F666951E0A568E6DA189E3222C34A27962DB8BB3707666FCAEB475D81839AF1B242D58C651EACBCB67DCDD4FF00FC92B0F8B0721898B6754403B170FEF46DF45D368E2128F1129784DB1210F1556CF2EAAFEF45570464D258E5E0EDBA09C77CB46CE9C7366CDA8B6926982E300DAB985DAD20D549AF92FB98C73FDFD6AC5F12CC30548A30132822120B7377DCCDBE99E5C19BB142C10142040F6DC3E2864887619E95AE54F27F07729B1E298C3571CBA968CAF90B862DE8D5767DCD9B577D38762E32CBFA047C5E923BA21787585249D2AD6B5CBD74A288C57E260290869AB18A288C358D293BE796FCA95AB366A4E22A2E46D6CF25C26518EE0AF16F5BE5F3EE55D0626439E389C4646BAE1B69E09AAF4CF77939AD462AB0817B262233905A29CEA2568915086D777CA9B99E8DB9972284E49084229463C3465288CA6F4016A56AFBF73EE648C04587690800B5817090DA0E3666D4767E3576AE6ACA53111D4C789B8E3F19209B93D28F9370F26B45C5BA7481098B072C92F7DC93E1AD28E48251361D6D77B3BEF7CF26E3B4A6B4D148523C3A8118048242BDC5C07A9DB266A6E6CB76E5532181C82CE412BC7B451CE0C57B5383EE67CFA48739641277863820B48E522A48393BD19DA9577AB1532F6D1570BAC8458E1F0B8770EF8EF9D5914A53EA00D875A4CD9B3B716767CFAD3524F01BCBAA1D4CB20DF24675B699E4CCCFECA32861A48A57223128E51F198920CB2A5D9B6EA5078E6932331B9330EB407C2974754CD47AD7A9145DE4097BDE5B1E318DA1E6F551B83B7B6B4F849DEFA8C24208C448446DBA4AD3870F61532448E36492008C812C9611085D6351A8F5DF9D0BDBD4A1BD8679C9AB78F9D6F4336F9BD4BA257C81E8D85A69246F08D278B8C769F36C9A9D75714F6A59C4A4192D28F6884B7C4F5F8AB46EB48C3D23291EEDBB75623952AFFAE8D56CD33293D6AF26A8A52B638C4F597B71777DD5667AA72C0D62049805B5D9C977AA2AEE6F98AA9A3E7D008A4D588C71CE416DF5DF56DFEA4E1C046778ECB106D44477164EF476FF0004DF7B7838C9A4B9E2B7596F42BB99BB725B55E40C18B39C83ADD4465696D56B56F67B57758D64E0F1EACA11B4672DE6F971E356BB72310E3713896C46223696D383F5D773D122536679757B887C27AF2CA9BB7B12DF253AC6E205696DDD795BB39675CD6B7B823D795BA45FFF006DC576F481639885E3819A329358421188ECE4EEFF00AD6C7B82B5395DA49BC9D1B8BFD205B872C23E8C4210BA141084200421080F97FBA7B1172EB4EB08DCF74397FCA1556E3230146C4376C947EB6E0FF9D59F7542B3973A74AEB6D2C3ED7FCA154524EE2719DD98DA4224170FB3E25CE69DA20AA803D8236C64245F7D9D5BE3745C6C6263E4DC45EB74A39D80CA42846471222113DD9F67A937255CFC10E622377571FF0005904B8DC64CE31D60E246E2DE363E756F65125A5739063621B64BA32B8D85B764EEFC28E9802788C444756C5690897E7EA4A71DA291CB571C8568C85B59BFD6EA501EB0A2726944A3790B6847A157DDF3EF5C905B59593646DBAEF45ABF40A4BDDAC801E4CA5F06437F6675FC974E492C6624E7B4043615DBF7B337E6500C1C8325CCFB3262488A3907CA6DDEC766A2B0D1C446D1149194832811C9BAB5767AF6528ABE4707D5D23CE328C4ADE83F0F6254189AB8C8C5B11C960C6476DE2FD4DBB246AD02DE20B1EF7975A71C71C431085BEC777C9E8DDA93010B0CB19DD1B5C243206F3A51DBB3B5413C6047746774975C6037F0EA6E3C3B79A8C3CCD1944472150488B577DCD4A71F5756F5CF6B04F9668C5A277908464112B46A3BEBFA9377384718B0EB00844E39FA204CEF95787CC98EFA06D49CC4568DA318D9736ECDDF8F1A2E62227186078C8626F0C56FF1AD5CB3DD567CE8E9B7804FADE02718EB9A32B46D07B8E9FAD9DD352625F5B2DE4318DC4320DF73572C9D9406C518C3B4369465E1047A9DB27EDDE9324832BCD25A541B6422F2E94FDE8AA879213DF10023AA6E688FDAC57E66EDC2BD5D9550CE608E41718CA20DA1D5F00ABE6CDF12180C08480A4923292EB84F56F56AEFE2FEC5C328DA4137B49EE128C8B766DEBCBD4AA4901D900A478DED2B063D911DA6A3BEFA75BB3EE4860284755CE1BAFC3089E41576A559FD5EA4A79F54E333915B7784B378529BB864F6D3E0A6DE6BA489E392E68E4B63293A7FAB73D78267F804996522291DA4D65C57465C73DD5F62461DE420223DC36F84F2F3CE9FAD32E624DB57467AC211808F3366DEDF1250625C9EDB46A328DA2551C9EB4AB6E4AC700911B3118B390935C2527AB833375D5124374B58F6406D29444EDBE9D9BB7DB9BD29D699C61DA02425E308444B21D53B6F6F651477C6C80F2135B23482262226F50AEFCB8E6893794094C771EAC241ACE43EA367DED4FC24E4B898C628C02D1211B6DE0746666F89575C2F340616C7774AFC81DAB97EA4B6C45232924D9382D12F28E9C7E34DBC1495A91268E428F5622524570C59D1A9B9EB46CF3AA698E8F20C71108CB696A8B6AC6E1EDEBE3D6A3E26696D8C8444648B6A5DB71D967FFE2FFE0966606548C648C7A376FF006F651AB55AA7D90900E4C51BC6451B0ED6ABC60CB56F8993D139094876DDB2253437F0FD4A361CA8C2CC56B8DBAB2C8AF666E0FC1E8A404C31DD230DD70DA51E44FD8B0C0E6A018C4A322278E3D673ED68B36AD72CF27A296D7BE1C8460904E42BE68F9AD15294CFD7B947077BE178CAEB8864BBB1FAD3B8D9714D19306246412B6E94F6462AB3D1DF8E4CEB0EDB4815EF0413490DE5290DC458B213712AB7067F55DEC56AF84C1EA679A19070C2244515DB36577B3B6EAF1CB27EDA2AB6C4C6F14A004526BC76A4B2DBDD99F8753EFCF876A8949236A78D7B88A31B1858DBB783EF5B716FB04FC6D1C05C71DE0E3B463BC2E795E8F577EBCDF2A714B8E1A94CF1CF1C4127F9CDF58830EFC69D4F9F5A8D1048714B59F2923B8AEF09B5BDDEBB9BB325231238600D5BF8101B7591C67AC195F83BF57EF451E3004CB0487CE2090486D8A48B79E6D4776F9ABF1A43E1CA38C49AC2908A321B4F9F93D5DDF7BE5FBB269F556C6E24508C7E26D3E63BF53F53F55571E676291CF562DCD8E3BEE7E1BFB725AA60971C85184AD1484245E32E0D5903B745BA9B9AC912E2DA201618F592DA5E0C656A6ECDBB3A941925B5CA329086E2F08426C2FB9A8EDF1E693886BED1612A97F9B10F4FB1FB7AD145760561F100E320988CAC451EAC88DAB877CEACD4E346EAF8D4F6D20211EA063D6C3AB1329042D6ABB3D599FB6947F82AAE008A16A48575A1CD8E9B6ECEF957DA55F9948935410894926A6E02D5890BF6E6D4CFB1BEF96A4936096D3810EA8A42D5C856C7786419EEA6EA664932CE2C23184451EAC484ADD9D6B3EFECE2A1E1E68DC09F5A521F8A2BC33959DB7D373D372EBBBC652B3E2464B846D2CEE06A528EFB999676825C12C91DB034425190DD216437BBE7467FD754966A6B6BB4710F38B79D3ABF3A8804C1B3711173A522D97EC66EA4EC7880272721D5DBCE22AEF77E3C69EA5AA048678C1A1172B4FC66B32A03BBE59753A4E2267B2D18ED392E1B843995A71F52E4AEC5E0F9C24519C7BAEAB706751E390448A8575A524643252A0F5CBF3FE4ACA405B4DB13EAA4191C6D12DFB0F5CFD890D89D60111F376484B89F6D3728F2B0BB91315AF2095B76CF1CABEAD9DC9A9312F30E7E0C88AD2B7A747EBF5AE9B4A4D09E3DA738AE6212012E1BBABD4C9A08845C8C88AC90BC18F1BBD7ED4DBD046090B69C4848444FAB7704A92511185DBC2095BCDDAC9B8FEB4AF0055C216D8451B4370890EFE1FAEE5AFEE075F75BA42AF73FD8BC55C5F7C0B1ACF52918075AD295BB219C4DD6CCB65DC0A9EEB7485377D8BC553F0816E1D847D1A84216CA08421002108407CB9DD61D8796FA7DDC6E612C3DC3D9AA1AACDCAE44036DD236D16CF419F73FCEB4DDD5A337E5AE9F368C9C2EC3B11B039378B15988219180AF8E413D67441F771751AC9072F69231772CC76CBE7FD69D8A4B6D67BBC273486A39578B7AFAD468E1929209412524121BAC7FDF34E00C8EDB514B5BADE63EEAEFAAC35F4076492F0A316D0DDB5C33DF46F6A30F33DD1138DC05B32465D5D89A9025A95B04A4DD1F04F43CDABF32EC1148239C520BDDCDD53FEFC136E3803D038877C8C9B45047E00AFF008A9FBD36972F2D5CAD75CC223B5DAEFF0045C8689D8EE78242728ACBB54FCECBE85C8A033B80865858ADDA2C3BD01DBE7529F801887D59C02FB2C31084A25D74CFE951E3237693C1DCF7783110CEBD4CDEC15231711C8F2B4786969716AC880BD99757526820C4336504B710ED1083F1DECAA4EB803C63471229064312BE38FF00D5DDE95ABEE4D01DAE5B444DACB4642A95EEDF5649D883102E34871318978C8C41C7277DCDFE0952E1CC8A321C31136D1C97C45502AF06DCEA53F006DC89A39DADB5ECD78897567576ECCA89EC3E25F571B96D0485E1079AE1BA8EDF195534D1627595930D2C836DA243138D8DD9D5D745D7827769C1F0D3884BB51DB13D43F76614717E01D7630318F64984844BD0CFAD72495A368EDBB9C25208EECB853D89D7C29C83131432894636949DEE5B746CAB97B130785C4D841A89E4BBC58EA8B61127E00892538DE7762D98E4F063CD63EA7A7D29DD6BCC5735B1EB2DBA313B58DBA9BE874CC982C59010B60A7A90ED7827DECED4F999203038C60B7BC27AC7E2CB54FD5F4B2BB7FEC1298AAD1B10DA3CC122DAB32EADCF9F628FAD20924B8638F56576C9E41BF77667D4A43E1F12F738E031227215C5258F4AB7166A64993D1D8921CB053915D695D13EEEBF99127E00E9CCC6123C631C6F0DA43216D3E4DB99BF5A229C241900BC64A25AB9C438D726A6FE039BA683018D0317EF0969CD22189F637EECBB5763C062C248C9B0589A5C570EA9F63767FAD3681EBDC8463618C867E8F1377E90BFB472519A5F18463ABB762321DF93FC49F97038BDA20C14E44257462387716EDF9B34360718D73F784A457115C513966F4AF0EB64517E0114E61DA6D5913484328916CBE4F9FC696739998B96C9DA3B5E43333E4EDD592E9E8EC6BBD3BC3124C3708C9AA7DDC1E9DAE9DFB1F8C16929849FC65B188E1DF6C56ABE81DC390BB4AC624463CE8AFCCEAEFBBE35C7791C237908766E082DD9B1A8D46764D868EC63BC84F849C6EBADBA272F5275B038C66167C16264E8916A9F82CED60561EE078AF1D5B5DE108B77ABF7DEA4476B350E4B767C20E75A70777A7628E783C5B953BC2721B4764622A578B270F0D8C71CB0938C84771483116ECFF5BACB8B04AD75D6B734F59E031227737ADF856B6F53B26E5C4184B1C5249AC19F6A6FBA0DCCD93B7628BDE98B6788C7013D3EEB06A887AEB5E1EA477A632F889B092DB0915A25872DB677C99FD49B3E851C7128CE5A108DC442571E593EF64B898CC081CB296D8E3BAB5AB71AEEA353821F0988B6D2C14F25C25690C442E14DDF424C786C6038FDA93D2E2FB91528FB9FD7D4AED7E00A799863F06450B95DAB8ECBB37A55EBC372EC7258E2E31DDACB464948DC9C3AA8FC5B24DBE0A7BAA382C48B895DCC2A1E5BD9A9BD73BDF16CD6F7A4A4C5E33C1171DEEEDC536FD01C931123482252EC8EDEA40F9ED57A3BF6FC69B8B100D24924C3AD62B864220BB54F5E73375D5EAC9CD4E204E327D1F248F6886D61DE80CCE90186C4D09CB0928BEC8DBAA7DB6EB7EBCD36FD01672913497C7AB7B486096FD635CDC5B8B64F5AFA49BC3CEE3244245B1290DDB1D5D5F949F0C35D6C72413DA31D832061DC727AD5A9F82C808641D96C3108C776A7ED72A83537D68A57D0116D4E48DC6217BAD29243E6357AD367870312662BBC20DDBEDA3F575355392C3290D1F0D213F3B630E5BD9F2ABA4C714A19F7A4B6178C88A27A8753336E7A2B4FC0256A1A95B46D808755191DB633B679F5E55DDBD3271460FE12D8F59B3291F66F6666FAD3B1BC81683C73EA8AE29044086FAEE6F66F4DC83216ED695A3B3761C887B599A992CA4FC019C49911EAC759230897831D9BDFF33A64CD9846A5CDB4642F2FD6DBBE25C96098B58FDE93936CEAE31071CFD7C334A9E199D86B14B2BF38BC13EC3D7265BA78C02504AD68F5C83709085AD4CEBF5D147962223BDE3D5DA45E12CB75ACDD7C1DE8E971839CA2D2412C716C8EB354FB0CCD965BFB724E19CA624C719564B48A3EF7726B99DFF53FE4ACD34F80336EB1E337B84AEDA8C8F334CBDB23C8E42508ED737676BABB37256AA5AD5E193CAB754FB0F5CB827A5722011D449239095B26A9EE89F855F8AD53F004E40033108CAF36CC701ECE7B999FDAD9A444E318C44519585B4377369F9DF7F05C8C0C8A3638A58C046EDA072CF3A37C76B25CE0E66456C8376D5A20FEC6F89AAA53F00436C188815CE51906B39B9D7ABDAB6DDC0999B9598F66DC3A2F156D7E102C3B0C8C424D04836C8244363EDE6B75DC12331E55E348C0858F45E2A845D2DA05D22983E8B4210A941084200421080F98FBAABFFE2FE523751E1FFB315975F44F2D3B9968BE51E363D212E2713A3314D10C13CD84B698966DCE4CED9BB3655AEECB832CDC9DC2F0BF73E546243F94D1E327FDCCAD83C690BD83DE287CEF2FC4FF00FE4497EE16FC395DFD53FDF4B21E4485EB7EF167E760FE29FEFAE7BC59F9D43F8B1FF6D2C1E4A85EB5EF167E750FE2C7FDB47BC649E750FE2C7FDB4B29E4A8ABAF5AF78B3F3A87F163FEDA3DE2CFCEC1FC58FF00B69643C990BD67DE324F3A87F163FEDA3DE324F3A87F163FEDA583C9BEF91F7CBD67DE324F3A87F163FEDA3DE324F3A87F163FEDA583CA3EF9157F297ACFBC649E760FE2C7FDB47BC6C9E760FE2C7FDB4B29E4D57F2915F497ADB771099B772B47F163FEDA57BCA621BFF5737E2BFEFA590F22AFA48AFA4BD77DE5713E787F567F7D2BDE5713E787F567F792C1E4177A4BB77A4BD7BDE5B13E787F567F791EF2F8AF3C3FAB3FBC853C86BE922BE92F5EF796C579E1FD59FDE597EE83C87C4725B0184C73E9F2D29DF78A1C1EA0709DED6545DEB5B9EBBBA908626AFE52EC6EDAC82F22D5EB23D6FC1AB57E6490C4624B3EF9214A62C53FFE6E4541B593DC8962316D24F8688FED9EF22C084BA8386AF633BBE6D35BC599C7873A8ED598FC2E843831A582D2D838CA4C268E9346C73EB22900843C2B135AECC44EFB99DDAB766B3CC389A7F9D921DB12DFF9B2402589E99DC28ABF94BAE78A6FFCD926E4C56241AAF8990AD402EBE922BE92F41E45773AC47287446134AB7293EC7F7D94C1DE8F81D7D96BBB56B73755772BDF796C579E1FD59FDE501E415F4915F497AFFBCB62BCF0FEACFEF23DE5B13E787F567F792CA79057D2457D25EBFEF2D89F3C3FAB3FBC93EF2B89F3BC7F167F792C879157D2457D25EBBEF29887FF00D5CDF8AFFBE92FDC4267DFCAC1FC58FF00B6853C93EF91F7CBD67DE364F3B07F163FEDA3DE324F3B07F163FEDA583C93EF91F7CBD67DE324F3A87F163FEDA3DE324F3A87F163FEDA583C990BD67DE324F3A87F163FEDA3DE2CFCEA1FC58FFB6960F26FBE5C5EB4FDC2E476A7BAC61F4BEC5FF7D1EF167E760FE2C7FDB4B21E4A85EB5EF17256BEEB1BE0FD8BFEFA3DE2CFCEC1FC58FF00B69653C950BD69BB85C8CD4F758C5E97D8BFEFA3DE2CDDC5FDD608DBC3EC4FF7D01E4885EBCDDC2BAF95B6FC1D13FDF4E3F70C8DE3843DD493101114937D89CE56CA8D4BF2DC9643C77EF96FBB853FFE299DB8FD8AC4FE90AD3C7DC2F09F74E53E264FE4F0231FEB75AFE42F73FD1BC973C6CD859A7C76274808C72E3B156B900B3D6D6A364D5CDFAED1EA429B04210A004210801084200421080108420042108010842004210801084200421080108420042108010842004210801795FF00942B5741E876FF00DD63FD125EA8BCB7FCA0BFD09A1FFE2B1FE89203C530F155854B8E049C33642AC22165A211DB0E83C3AB10064990190153240A0E2E2A092BA945956E31B64901EF9DC472E496896FF6B8BFD375BD584EE27FC13D17FCBE33F4DD6ED64A08421002108400842100210840084210021084008421002108400842100210840084210021084008421002108400842100210840084210021084008421002108400842100210840084210021084008421002F2EFF281FF0042687FF8A47FA24BD457977F940FFA1343FF00C523FD124078EE1370AB1855761B70AB1856884A05C9174372E4880892AABC6F3495A4AAAF1BCD2407BEF713FE09E8BFE5F19FA6EB76B09DC4FF00827A2FF97C67E9BADDAC9410842004210801084200421080108420042108010842004210801084200421080108420042108010842004210801084200421080108420042108010842004210801084200421080108420042108010842005E59FE503FE85D0DFF141FD125EA6BCB3FCA07FD0BA1BFE283FA2480F1FC36E156112AFC36E156112D10943B92644A048910116555B8CE692B29556E339A480F7CEE25FC13D17FCBE33F4DD6F160BB897F053467F2F8BFD375BD5928210840084210021084008421002108400842100210840084210021084008421002108400842100210840084210021084008421002108400842100210840084210021084008421002E55BAD318B3A0D8DBCF7FA94564A058D51550992D9D5A04B428CCBA9407D797777F6AE86D0DFF00141FD125E94F76CD36BCAF5762F3DEEE3014BA1F44DBBA3D20245F82E80F16C3E4C2A7C4996C2C8CD564E4612B7DCEEFBF5484B8D724446D2B3788BBEFD7241969E27F2D0116555F896A892B092295FEE76A64F0A6E255FD0407B8F7156A725746B7FB7C5FE93ADDAC4F72384A2E4BE8E126CF5B8971F55CEB5ED5A6D6CBFA3F328524214749774A049AA2AA2BBA6DD2813AADD6BAAB5D4CC34978D1F9C1B24A01E42108010842004210801084200421080108420042108010842004210801084200421080108420042108010842004210801084200421080108420048226117227B445AA44FD49691200989818B181B3898135CC6C808066C6447AC0DAE6EDB6EE0B97337DD23FC365E2DCB1E45699C36909CB41E92D27DE52DC6183971664F857EA17AE6DD55CFD6B3CDC9DE593BE726921F4BBECBE95A21F44EB5BCB1FC346B9BCB1FC35F3E7B96E57FFAFE90F959AEFB97E58B6ED23A43E56680FA0B5FFED07F0D775EFE52F9FDB935CB46DDA53490FF00D74894DC9FE5BB6ED35A547E0E909101EFED392CC774088F198018461395E33BC4441CB365E54DA17978DBB943A647E0E9397E94B6D13CBF6FFD49A6FF001B4DF4A0243689C5B65DE13FC9CBE84B0D138AFF00509FE4E4A27D8BE5FF009C9A6FF1ACBF4AEFD8BE5FF9C9A6BF1ACBF4A02C1B44E2FF00D427F93BAE1E89C5FF00A84FF27755AF80EE82C423F6774E135D69483A5A4A7AF9C88F47F74127A3E9DD391FC2D2D27D2809AFA2715FFEDF3FC9DD21F4462CB2EF09F6BFDDDFE84C7D8BE5FF009C9A6BF1ACBF4A3EC5F2FF00CE4D35F8D65FA501EBFC8EBF0DA330D8678CA2D48F3481C77AB9D792F057D13CBE7DFCA5D37F8DA6FA525F42F2EDF7E9FD2E5F0B49CBF4A03DEF5EFE5235FF00ED07F0D780BF27F96EFBF4D6952F85A424487E4D72CDF7E94D245FF5D2203E80D737963F868BDBF8C1FC35F3EFB97E58BEFD23A43E566B8FC96E57B313F7FE902B7A3DF6680FA12E6FE303F0D9282518CAE792311E69EDB6E5F39FB9CE59569ACD254F2BBF8BE95ADEE7DC8ED24FA4A3C469FC6E92C5C384212C268FEF82B2526DCE7D6CDE4F1E3964E07B821085928210840084210021084008421002108400842100210840084210021084008421002108400842100210840084210021084008421002108400842100C6A5DDEAE757746A7D2FC94FA1011FBDFD25DD47A5F929F42018D47A7F908D47A7F909F42018D47A7F90B85130B55CFF0021484897732018B47CA2FC04583E517E0252101CB07CA2FC04583E517E025AE3A01160F945F808B47CA2FC04A420068989AAC7F90BBA8F4FF21391F352D00C6A3D3FC846A3D3FC84FA100C6A3D2FC946A3D2FC94FA100C6A5FCBFC940C042F563CD3E840084210021084008421002108400842100210840084210021084008421002108407FFD9, 25)
SET IDENTITY_INSERT [dbo].[Componentes] OFF
SET IDENTITY_INSERT [dbo].[Movimientos] ON 

INSERT [dbo].[Movimientos] ([movimiento_id], [usuario_id], [tipo_movimiento_id], [fecha], [precio_total], [cantidad_total]) VALUES (1, 1, 33, CAST(N'2019-12-06' AS Date), 2025, 10)
INSERT [dbo].[Movimientos] ([movimiento_id], [usuario_id], [tipo_movimiento_id], [fecha], [precio_total], [cantidad_total]) VALUES (2, 1, 33, CAST(N'2019-12-08' AS Date), 9500, 10)
INSERT [dbo].[Movimientos] ([movimiento_id], [usuario_id], [tipo_movimiento_id], [fecha], [precio_total], [cantidad_total]) VALUES (3, 1, 34, CAST(N'2019-12-08' AS Date), 4050, 20)
INSERT [dbo].[Movimientos] ([movimiento_id], [usuario_id], [tipo_movimiento_id], [fecha], [precio_total], [cantidad_total]) VALUES (4, 1, 34, CAST(N'2019-12-08' AS Date), 9500, 10)
INSERT [dbo].[Movimientos] ([movimiento_id], [usuario_id], [tipo_movimiento_id], [fecha], [precio_total], [cantidad_total]) VALUES (5, 1, 34, CAST(N'2019-12-09' AS Date), 4750, 5)
INSERT [dbo].[Movimientos] ([movimiento_id], [usuario_id], [tipo_movimiento_id], [fecha], [precio_total], [cantidad_total]) VALUES (6, 1, 33, CAST(N'2019-12-09' AS Date), 19000, 20)
SET IDENTITY_INSERT [dbo].[Movimientos] OFF
SET IDENTITY_INSERT [dbo].[Personas] ON 

INSERT [dbo].[Personas] ([persona_id], [nombre], [apellidos], [DNI], [correo], [celular], [direccion]) VALUES (1, N'Gerardo', N'Villegas Condori', N'78541254', N'gerardo.villegas@tecsup.edu.pe', N'956521454', N'Miraflores - 201')
INSERT [dbo].[Personas] ([persona_id], [nombre], [apellidos], [DNI], [correo], [celular], [direccion]) VALUES (2, N'Victor', N'Calvo Guzman', N'77854125', N'victor.calvo@tecsup.edu.pe', N'965214547', N'Los Incas - 405')
INSERT [dbo].[Personas] ([persona_id], [nombre], [apellidos], [DNI], [correo], [celular], [direccion]) VALUES (14, N'Juan', N'Perez', N'75951609', N'jperez@gmail.com', N'958392191', N'Calle lOS GIRASOLES')
INSERT [dbo].[Personas] ([persona_id], [nombre], [apellidos], [DNI], [correo], [celular], [direccion]) VALUES (1030, N'GLENDA JULIA', N'MERMA MAYHUA', N'73084635', N'glenda@test.com', N'948948498', N'jusaud')
SET IDENTITY_INSERT [dbo].[Personas] OFF
SET IDENTITY_INSERT [dbo].[TipoComponente] ON 

INSERT [dbo].[TipoComponente] ([tipo_componente_id], [tipo]) VALUES (1, N'Mouse')
INSERT [dbo].[TipoComponente] ([tipo_componente_id], [tipo]) VALUES (2, N'Pantalla')
SET IDENTITY_INSERT [dbo].[TipoComponente] OFF
SET IDENTITY_INSERT [dbo].[TiposMovimientos] ON 

INSERT [dbo].[TiposMovimientos] ([tipo_movimiento_id], [tipo]) VALUES (33, N'Entrada')
INSERT [dbo].[TiposMovimientos] ([tipo_movimiento_id], [tipo]) VALUES (34, N'Salida')
SET IDENTITY_INSERT [dbo].[TiposMovimientos] OFF
SET IDENTITY_INSERT [dbo].[TiposUsuarios] ON 

INSERT [dbo].[TiposUsuarios] ([tipo_usuario_id], [tipo]) VALUES (1, N'Administrador')
INSERT [dbo].[TiposUsuarios] ([tipo_usuario_id], [tipo]) VALUES (2, N'Trabajador')
SET IDENTITY_INSERT [dbo].[TiposUsuarios] OFF
SET IDENTITY_INSERT [dbo].[Usuarios] ON 

INSERT [dbo].[Usuarios] ([usuario_id], [tipo_usuario_id], [persona_id], [username], [password]) VALUES (1, 1, 1, N'prosor', N'prosor')
INSERT [dbo].[Usuarios] ([usuario_id], [tipo_usuario_id], [persona_id], [username], [password]) VALUES (2, 2, 2, N'victor', N'victor')
INSERT [dbo].[Usuarios] ([usuario_id], [tipo_usuario_id], [persona_id], [username], [password]) VALUES (14, 2, 14, N'jperez', N'jperez123')
INSERT [dbo].[Usuarios] ([usuario_id], [tipo_usuario_id], [persona_id], [username], [password]) VALUES (1030, 1, 1030, N'Glendaas', N'glenda123')
SET IDENTITY_INSERT [dbo].[Usuarios] OFF
ALTER TABLE [dbo].[CabecerasComponentes]  WITH CHECK ADD  CONSTRAINT [FK_CabecerasComponentes_Componentes] FOREIGN KEY([componente_id])
REFERENCES [dbo].[Componentes] ([componente_id])
GO
ALTER TABLE [dbo].[CabecerasComponentes] CHECK CONSTRAINT [FK_CabecerasComponentes_Componentes]
GO
ALTER TABLE [dbo].[CabecerasComponentes]  WITH CHECK ADD  CONSTRAINT [FK_CabecerasComponentes_Movimientos] FOREIGN KEY([movimiento_id])
REFERENCES [dbo].[Movimientos] ([movimiento_id])
GO
ALTER TABLE [dbo].[CabecerasComponentes] CHECK CONSTRAINT [FK_CabecerasComponentes_Movimientos]
GO
ALTER TABLE [dbo].[Componentes]  WITH CHECK ADD  CONSTRAINT [FK_Componentes_CategoriaComponente] FOREIGN KEY([categoria_componente_id])
REFERENCES [dbo].[CategoriaComponente] ([categoria_componente_id])
GO
ALTER TABLE [dbo].[Componentes] CHECK CONSTRAINT [FK_Componentes_CategoriaComponente]
GO
ALTER TABLE [dbo].[Componentes]  WITH CHECK ADD  CONSTRAINT [FK_Componentes_TipoComponente] FOREIGN KEY([tipo_componente_id])
REFERENCES [dbo].[TipoComponente] ([tipo_componente_id])
GO
ALTER TABLE [dbo].[Componentes] CHECK CONSTRAINT [FK_Componentes_TipoComponente]
GO
ALTER TABLE [dbo].[Movimientos]  WITH CHECK ADD  CONSTRAINT [FK_Movimientos_TiposMovimientos] FOREIGN KEY([tipo_movimiento_id])
REFERENCES [dbo].[TiposMovimientos] ([tipo_movimiento_id])
GO
ALTER TABLE [dbo].[Movimientos] CHECK CONSTRAINT [FK_Movimientos_TiposMovimientos]
GO
ALTER TABLE [dbo].[Movimientos]  WITH CHECK ADD  CONSTRAINT [FK_Movimientos_Usuarios] FOREIGN KEY([usuario_id])
REFERENCES [dbo].[Usuarios] ([usuario_id])
GO
ALTER TABLE [dbo].[Movimientos] CHECK CONSTRAINT [FK_Movimientos_Usuarios]
GO
ALTER TABLE [dbo].[Usuarios]  WITH CHECK ADD  CONSTRAINT [FK_Usuarios_Personas] FOREIGN KEY([persona_id])
REFERENCES [dbo].[Personas] ([persona_id])
GO
ALTER TABLE [dbo].[Usuarios] CHECK CONSTRAINT [FK_Usuarios_Personas]
GO
ALTER TABLE [dbo].[Usuarios]  WITH CHECK ADD  CONSTRAINT [FK_Usuarios_TiposUsuarios] FOREIGN KEY([tipo_usuario_id])
REFERENCES [dbo].[TiposUsuarios] ([tipo_usuario_id])
GO
ALTER TABLE [dbo].[Usuarios] CHECK CONSTRAINT [FK_Usuarios_TiposUsuarios]
GO
/****** Object:  StoredProcedure [dbo].[ReporteMovimientoComponente]    Script Date: 9/12/2019 12:05:49 ******/
SET ANSI_NULLS ON
GO
SET QUOTED_IDENTIFIER ON
GO

CREATE PROC [dbo].[ReporteMovimientoComponente]
AS
SELECT mov.fecha, cab.cantidad, mov.precio_total, co.nombre, us.username,tip.tipo
FROM Movimientos mov INNER JOIN CabecerasComponentes cab ON mov.movimiento_id = cab.movimiento_id
INNER JOIN Componentes co ON co.componente_id = cab.componente_id INNER JOIN Usuarios us ON us.usuario_id = mov.usuario_id
INNER JOIN TiposMovimientos tip ON tip.tipo_movimiento_id = mov.tipo_movimiento_id;
GO
